t,product_id,product_name,tx_units,open_orders,backlog_units,shock_severity
0,0,product0,0.0,0,0.0,0.000615
0,1,product1,0.0,0,0.0,0.00075
0,2,product2,0.0,0,0.0,0.000447
0,3,product3,0.0,0,0.0,0.000922
0,4,product4,0.0,0,0.0,0.000839
0,5,product5,0.0,0,0.0,0.0
0,6,product6,0.0,0,0.0,0.0
0,7,product7,0.0,0,0.0,0.0
0,8,product8,0.0,0,0.0,0.0
0,9,product9,0.0,0,0.0,0.0
0,10,product10,0.0,0,0.0,0.0
0,11,product11,0.0,0,0.0,0.0
0,12,product12,0.0,0,0.0,0.0
0,13,product13,0.0,0,0.0,0.0
0,14,product14,0.0,0,0.0,0.0
0,15,product15,0.0,0,0.0,0.0
0,16,product16,0.0,0,0.0,0.0
0,17,product17,0.0,0,0.0,0.0
0,18,product18,0.0,0,0.0,0.0
0,19,product19,0.0,0,0.0,0.0
0,20,product20,0.0,0,0.0,0.0
0,21,product21,0.0,0,0.0,0.0
0,22,product22,0.0,0,0.0,0.0
0,23,product23,0.0,0,0.0,0.0
0,24,product24,0.0,0,0.0,0.0
0,25,product25,0.0,0,0.0,0.0
0,26,product26,0.0,0,0.0,0.0
0,27,product27,0.0,7,0.0,0.0
0,28,product28,0.0,7,0.0,0.0
0,29,product29,0.0,0,0.0,0.0
0,30,product30,0.0,0,0.0,0.0
0,31,product31,0.0,10,0.0,0.0
0,32,product32,0.0,0,0.0,0.0
0,33,product33,0.0,10,0.0,0.0
0,34,product34,0.0,8,0.0,0.0
0,35,product35,0.0,14,9.0,0.0
0,36,product36,0.0,8,0.0,0.0
0,37,product37,0.0,12,0.0,0.0
0,38,product38,0.0,16,39.0,0.0
0,39,product39,0.0,9,0.0,0.0
0,40,product40,0.0,5,0.0,0.0
0,41,product41,0.0,8,0.0,0.0
0,42,product42,0.0,8,0.0,0.0
0,43,product43,0.0,8,0.0,0.0
0,44,product44,0.0,10,0.0,0.0
0,45,product45,0.0,14,18.0,0.0
0,46,product46,0.0,8,6.0,0.0
0,47,product47,0.0,16,44.0,0.0
0,48,product48,0.0,10,18.0,0.0
0,49,product49,0.0,8,7.0,0.0
1,0,product0,0.0,0,0.0,0.0
1,1,product1,0.0,0,0.0,0.000169
1,2,product2,0.0,0,0.0,0.000229
1,3,product3,0.0,0,0.0,0.000992
1,4,product4,0.0,0,0.0,0.001568
1,5,product5,0.0,0,0.0,0.0
1,6,product6,0.0,0,0.0,0.0
1,7,product7,0.0,0,0.0,0.0
1,8,product8,0.0,0,0.0,0.0
1,9,product9,0.0,0,0.0,0.0
1,10,product10,0.0,0,0.0,0.0
1,11,product11,0.0,0,0.0,0.0
1,12,product12,0.0,0,0.0,0.0
1,13,product13,0.0,0,0.0,0.0
1,14,product14,0.0,0,0.0,0.0
1,15,product15,0.0,0,0.0,0.0
1,16,product16,0.0,7,0.0,0.0
1,17,product17,0.0,10,0.0,0.0
1,18,product18,0.0,4,0.0,0.0
1,19,product19,0.0,0,0.0,0.0
1,20,product20,0.0,3,0.0,0.0
1,21,product21,0.0,0,0.0,0.0
1,22,product22,0.0,0,0.0,0.0
1,23,product23,0.0,10,0.0,0.0
1,24,product24,0.0,4,0.0,0.0
1,25,product25,0.0,9,0.0,0.0
1,26,product26,0.0,6,0.0,0.0
1,27,product27,0.0,18,0.0,0.0
1,28,product28,0.0,18,0.0,0.0
1,29,product29,0.0,13,0.0,0.0
1,30,product30,0.0,6,0.0,0.0
1,31,product31,0.0,28,0.0,0.0
1,32,product32,0.0,6,0.0,0.0
1,33,product33,0.0,33,0.0,0.0
1,34,product34,0.0,23,0.0,0.0
1,35,product35,0.0,21,16.0,0.0
1,36,product36,0.0,14,0.0,0.0
1,37,product37,0.0,23,0.0,0.0
1,38,product38,0.0,24,73.0,0.0
1,39,product39,0.0,17,0.0,0.0
1,40,product40,0.0,10,0.0,0.0
1,41,product41,0.0,16,0.0,0.0
1,42,product42,0.0,14,0.0,0.0
1,43,product43,0.0,14,0.0,0.0
1,44,product44,0.0,17,0.0,0.0
1,45,product45,0.0,21,26.0,0.0
1,46,product46,0.0,12,9.0,0.0
1,47,product47,0.0,24,82.0,0.0
1,48,product48,0.0,15,31.0,0.0
1,49,product49,0.0,12,11.0,0.0
2,0,product0,0.0,0,0.0,0.0
2,1,product1,0.0,0,0.0,0.000649
2,2,product2,0.0,0,0.0,0.000136
2,3,product3,0.0,0,0.0,0.000636
2,4,product4,0.0,0,0.0,0.0
2,5,product5,0.0,9,0.0,0.0
2,6,product6,0.0,0,0.0,0.0
2,7,product7,0.0,0,0.0,0.0
2,8,product8,0.0,10,0.0,0.0
2,9,product9,0.0,2,0.0,0.0
2,10,product10,0.0,6,0.0,0.0
2,11,product11,0.0,7,0.0,0.0
2,12,product12,0.0,7,0.0,0.0
2,13,product13,0.0,2,0.0,0.0
2,14,product14,0.0,0,0.0,0.0
2,15,product15,0.0,9,0.0,0.0
2,16,product16,0.0,18,0.0,0.0
2,17,product17,0.0,25,0.0,0.0
2,18,product18,0.0,14,0.0,0.0
2,19,product19,0.0,6,0.0,0.0
2,20,product20,0.0,8,0.0,0.0
2,21,product21,0.0,11,0.0,0.0
2,22,product22,0.0,7,0.0,0.0
2,23,product23,0.0,27,0.0,0.0
2,24,product24,0.0,12,0.0,0.0
2,25,product25,0.0,17,0.0,0.0
2,26,product26,0.0,12,0.0,0.0
2,27,product27,0.0,28,0.0,0.0
2,28,product28,0.0,28,0.0,0.0
2,29,product29,0.0,26,0.0,0.0
2,30,product30,0.0,12,0.0,0.0
2,31,product31,0.0,46,0.0,0.0
2,32,product32,0.0,10,0.0,0.0
2,33,product33,0.0,55,0.0,0.0
2,34,product34,0.0,37,0.0,0.0
2,35,product35,0.0,28,21.0,0.0
2,36,product36,0.0,22,0.0,0.0
2,37,product37,0.0,32,0.0,0.0
2,38,product38,0.0,32,109.0,0.0
2,39,product39,0.0,25,0.0,0.0
2,40,product40,0.0,15,0.0,0.0
2,41,product41,0.0,23,0.0,0.0
2,42,product42,0.0,22,0.0,0.0
2,43,product43,0.0,22,0.0,0.0
2,44,product44,0.0,26,0.0,0.0
2,45,product45,0.0,28,41.0,0.0
2,46,product46,0.0,16,14.0,0.0
2,47,product47,0.0,32,106.0,0.0
2,48,product48,0.0,20,44.0,0.0
2,49,product49,0.0,16,13.0,0.0
3,0,product0,0.0,16,0.0,0.000179
3,1,product1,0.0,2,0.0,0.0
3,2,product2,0.0,3,0.0,0.000448
3,3,product3,0.0,7,0.0,0.0
3,4,product4,0.0,18,0.0,0.000692
3,5,product5,0.0,25,0.0,0.0
3,6,product6,0.0,3,0.0,0.0
3,7,product7,0.0,9,0.0,0.0
3,8,product8,0.0,29,0.0,0.0
3,9,product9,0.0,11,0.0,0.0
3,10,product10,0.0,15,0.0,0.0
3,11,product11,0.0,26,0.0,0.0
3,12,product12,0.0,17,0.0,0.0
3,13,product13,0.0,5,0.0,0.0
3,14,product14,0.0,4,0.0,0.0
3,15,product15,0.0,19,0.0,0.0
3,16,product16,0.0,28,0.0,0.0
3,17,product17,0.0,38,0.0,0.0
3,18,product18,0.0,22,0.0,0.0
3,19,product19,0.0,11,0.0,0.0
3,20,product20,0.0,13,0.0,0.0
3,21,product21,0.0,20,0.0,0.0
3,22,product22,0.0,15,0.0,0.0
3,23,product23,0.0,41,0.0,0.0
3,24,product24,0.0,19,0.0,0.0
3,25,product25,0.0,26,0.0,0.0
3,26,product26,0.0,17,0.0,0.0
3,27,product27,0.0,40,0.0,0.0
3,28,product28,0.0,40,0.0,0.0
3,29,product29,0.0,41,0.0,0.0
3,30,product30,0.0,17,0.0,0.0
3,31,product31,0.0,65,0.0,0.0
3,32,product32,0.0,15,0.0,0.0
3,33,product33,0.0,78,0.0,0.0
3,34,product34,0.0,53,0.0,0.0
3,35,product35,0.0,35,30.0,0.0
3,36,product36,0.0,27,0.0,0.0
3,37,product37,0.0,43,0.0,0.0
3,38,product38,0.0,40,141.0,0.0
3,39,product39,0.0,30,0.0,0.0
3,40,product40,0.0,18,0.0,0.0
3,41,product41,0.0,31,0.0,0.0
3,42,product42,0.0,27,0.0,0.0
3,43,product43,0.0,27,0.0,0.0
3,44,product44,0.0,32,0.0,0.0
3,45,product45,0.0,35,53.0,0.0
3,46,product46,0.0,20,17.0,0.0
3,47,product47,0.0,40,136.0,0.0
3,48,product48,0.0,25,50.0,0.0
3,49,product49,0.0,20,17.0,0.0
4,0,product0,43113.0,21,0.0,0.000413
4,1,product1,90.0,7,0.0,0.000886
4,2,product2,270.0,4,0.0,0.000246
4,3,product3,3594.0,11,0.0,0.000637
4,4,product4,76452.0,25,0.0,0.00092
4,5,product5,0.0,40,0.0,0.0
4,6,product6,0.0,6,0.0,0.0
4,7,product7,0.0,18,0.0,0.0
4,8,product8,0.0,49,0.0,0.0
4,9,product9,0.0,20,0.0,0.0
4,10,product10,0.0,23,0.0,0.0
4,11,product11,0.0,44,0.0,0.0
4,12,product12,0.0,28,0.0,0.0
4,13,product13,0.0,7,0.0,0.0
4,14,product14,0.0,7,0.0,0.0
4,15,product15,0.0,30,0.0,0.0
4,16,product16,0.0,39,0.0,0.0
4,17,product17,0.0,52,0.0,0.0
4,18,product18,0.0,32,0.0,0.0
4,19,product19,0.0,18,0.0,0.0
4,20,product20,0.0,18,0.0,0.0
4,21,product21,0.0,33,0.0,0.0
4,22,product22,0.0,24,0.0,0.0
4,23,product23,0.0,58,0.0,0.0
4,24,product24,0.0,27,0.0,0.0
4,25,product25,0.0,32,0.0,0.0
4,26,product26,0.0,22,0.0,0.0
4,27,product27,0.0,52,0.0,0.0
4,28,product28,0.0,52,0.0,0.0
4,29,product29,0.0,51,0.0,0.0
4,30,product30,0.0,22,0.0,0.0
4,31,product31,0.0,82,0.0,0.0
4,32,product32,0.0,18,0.0,0.0
4,33,product33,0.0,98,0.0,0.0
4,34,product34,0.0,67,0.0,0.0
4,35,product35,0.0,42,40.0,0.0
4,36,product36,0.0,33,0.0,0.0
4,37,product37,0.0,53,0.0,0.0
4,38,product38,0.0,48,165.0,0.0
4,39,product39,0.0,37,0.0,0.0
4,40,product40,0.0,23,0.0,0.0
4,41,product41,0.0,39,0.0,0.0
4,42,product42,0.0,33,0.0,0.0
4,43,product43,0.0,33,0.0,0.0
4,44,product44,0.0,39,0.0,0.0
4,45,product45,0.0,42,71.0,0.0
4,46,product46,0.0,24,20.0,0.0
4,47,product47,0.0,48,165.0,0.0
4,48,product48,0.0,30,62.0,0.0
4,49,product49,0.0,24,21.0,0.0
5,0,product0,569081.0,19,0.0,0.000882
5,1,product1,45747.0,7,0.0,0.0
5,2,product2,91400.0,4,0.0,0.000416
5,3,product3,303566.0,14,0.0,0.000433
5,4,product4,882958.0,24,0.0,0.000283
5,5,product5,4146.0,47,0.0,0.0
5,6,product6,0.0,10,0.0,0.0
5,7,product7,0.0,30,0.0,0.0
5,8,product8,7824.0,59,0.0,0.0
5,9,product9,45.0,30,0.0,0.0
5,10,product10,4090.0,24,0.0,0.0
5,11,product11,1208.0,61,0.0,0.0
5,12,product12,3427.0,34,0.0,0.0
5,13,product13,90.0,8,0.0,0.0
5,14,product14,0.0,11,0.0,0.0
5,15,product15,0.0,38,0.0,0.0
5,16,product16,0.0,51,0.0,0.0
5,17,product17,0.0,67,0.0,0.0
5,18,product18,0.0,42,0.0,0.0
5,19,product19,0.0,22,0.0,0.0
5,20,product20,0.0,24,0.0,0.0
5,21,product21,0.0,42,0.0,0.0
5,22,product22,0.0,31,0.0,0.0
5,23,product23,0.0,76,0.0,0.0
5,24,product24,0.0,36,0.0,0.0
5,25,product25,0.0,40,0.0,0.0
5,26,product26,0.0,28,0.0,0.0
5,27,product27,0.0,65,0.0,0.0
5,28,product28,0.0,65,0.0,0.0
5,29,product29,0.0,64,0.0,0.0
5,30,product30,0.0,28,0.0,0.0
5,31,product31,0.0,100,0.0,0.0
5,32,product32,0.0,23,0.0,0.0
5,33,product33,0.0,120,0.0,0.0
5,34,product34,0.0,77,0.0,0.0
5,35,product35,0.0,49,72.0,0.0
5,36,product36,0.0,41,0.0,0.0
5,37,product37,0.0,60,0.0,0.0
5,38,product38,0.0,56,170.0,0.0
5,39,product39,0.0,46,0.0,0.0
5,40,product40,0.0,28,0.0,0.0
5,41,product41,0.0,42,0.0,0.0
5,42,product42,0.0,41,0.0,0.0
5,43,product43,0.0,41,0.0,0.0
5,44,product44,0.0,49,0.0,0.0
5,45,product45,0.0,49,86.0,0.0
5,46,product46,0.0,28,38.0,0.0
5,47,product47,0.0,56,169.0,0.0
5,48,product48,0.0,35,72.0,0.0
5,49,product49,0.0,28,39.0,0.0
6,0,product0,382303.0,19,0.0,0.000541
6,1,product1,30154.0,10,0.0,0.000623
6,2,product2,68142.0,5,0.0,0.00099
6,3,product3,217502.0,15,0.0,0.000601
6,4,product4,625483.0,24,0.0,0.001205
6,5,product5,67166.0,39,0.0,0.0
6,6,product6,6309.0,8,0.0,0.0
6,7,product7,15984.0,31,0.0,0.0
6,8,product8,68294.0,60,0.0,0.0
6,9,product9,36888.0,28,0.0,0.0
6,10,product10,21540.0,21,0.0,0.0
6,11,product11,34237.0,67,0.0,0.0
6,12,product12,12870.0,38,0.0,0.0
6,13,product13,5370.0,9,0.0,0.0
6,14,product14,15010.0,12,0.0,0.0
6,15,product15,0.0,47,0.0,0.0
6,16,product16,1083.0,56,0.0,0.0
6,17,product17,564.0,72,0.0,0.0
6,18,product18,612.0,48,0.0,0.0
6,19,product19,0.0,28,0.0,0.0
6,20,product20,48.0,29,0.0,0.0
6,21,product21,0.0,53,0.0,0.0
6,22,product22,0.0,38,0.0,0.0
6,23,product23,316.0,89,0.0,0.0
6,24,product24,20.0,41,0.0,0.0
6,25,product25,0.0,47,0.0,0.0
6,26,product26,0.0,33,0.0,0.0
6,27,product27,0.0,77,0.0,0.0
6,28,product28,0.0,77,0.0,0.0
6,29,product29,0.0,77,0.0,0.0
6,30,product30,0.0,33,0.0,0.0
6,31,product31,0.0,116,0.0,0.0
6,32,product32,0.0,27,0.0,0.0
6,33,product33,0.0,140,0.0,0.0
6,34,product34,0.0,86,0.0,0.0
6,35,product35,0.0,56,93.0,0.0
6,36,product36,0.0,48,0.0,0.0
6,37,product37,0.0,66,0.0,0.0
6,38,product38,0.0,64,175.0,0.0
6,39,product39,0.0,54,0.0,0.0
6,40,product40,0.0,32,0.0,0.0
6,41,product41,0.0,44,0.0,0.0
6,42,product42,0.0,48,0.0,0.0
6,43,product43,0.0,48,0.0,0.0
6,44,product44,0.0,59,0.0,0.0
6,45,product45,0.0,56,99.0,0.0
6,46,product46,0.0,32,55.0,0.0
6,47,product47,0.0,64,171.0,0.0
6,48,product48,0.0,40,82.0,0.0
6,49,product49,0.0,32,59.0,0.0
7,0,product0,373014.0,17,0.0,0.000488
7,1,product1,27309.0,6,0.0,0.00019
7,2,product2,50382.0,4,0.0,0.0
7,3,product3,174852.0,11,0.0,0.00066
7,4,product4,570423.0,20,0.0,0.001032
7,5,product5,32100.0,31,0.0,0.0
7,6,product6,1636.0,9,0.0,0.0
7,7,product7,16354.0,31,0.0,0.0
7,8,product8,58544.0,60,0.0,0.0
7,9,product9,30714.0,24,0.0,0.0
7,10,product10,7707.0,21,0.0,0.0
7,11,product11,52589.0,70,0.0,0.0
7,12,product12,15537.0,40,0.0,0.0
7,13,product13,5770.0,10,0.0,0.0
7,14,product14,9880.0,13,0.0,0.0
7,15,product15,2000.0,56,0.0,0.0
7,16,product16,1699.0,62,0.0,0.0
7,17,product17,4774.0,81,0.0,0.0
7,18,product18,63.0,55,0.0,0.0
7,19,product19,1732.0,29,0.0,0.0
7,20,product20,483.0,30,0.0,0.0
7,21,product21,1071.0,60,0.0,0.0
7,22,product22,1075.0,44,0.0,0.0
7,23,product23,6909.0,87,0.0,0.0
7,24,product24,281.0,49,0.0,0.0
7,25,product25,0.0,55,0.0,0.0
7,26,product26,0.0,38,0.0,0.0
7,27,product27,4.0,83,0.0,0.0
7,28,product28,4.0,82,0.0,0.0
7,29,product29,0.0,89,0.0,0.0
7,30,product30,0.0,38,0.0,0.0
7,31,product31,0.0,132,0.0,0.0
7,32,product32,0.0,32,0.0,0.0
7,33,product33,34.0,158,0.0,0.0
7,34,product34,16.0,100,0.0,0.0
7,35,product35,0.0,63,97.0,0.0
7,36,product36,0.0,55,0.0,0.0
7,37,product37,0.0,75,0.0,0.0
7,38,product38,0.0,72,210.0,0.0
7,39,product39,0.0,63,0.0,0.0
7,40,product40,0.0,37,0.0,0.0
7,41,product41,0.0,52,0.0,0.0
7,42,product42,0.0,55,0.0,0.0
7,43,product43,0.0,55,0.0,0.0
7,44,product44,0.0,69,0.0,0.0
7,45,product45,0.0,63,113.0,0.0
7,46,product46,0.0,36,62.0,0.0
7,47,product47,0.0,72,195.0,0.0
7,48,product48,0.0,45,96.0,0.0
7,49,product49,0.0,36,61.0,0.0
8,0,product0,349266.0,20,0.0,0.000131
8,1,product1,28888.0,7,0.0,0.000174
8,2,product2,60564.0,4,0.0,0.001561
8,3,product3,197152.0,13,0.0,0.000616
8,4,product4,549400.0,23,0.0,0.0
8,5,product5,36498.0,25,0.0,0.0
8,6,product6,2869.0,9,0.0,0.0
8,7,product7,13218.0,28,0.0,0.0
8,8,product8,48442.0,62,0.0,0.0
8,9,product9,19176.0,22,0.0,0.0
8,10,product10,12096.0,18,0.0,0.0
8,11,product11,25570.0,75,0.0,0.0
8,12,product12,26952.0,44,0.0,0.0
8,13,product13,3338.0,12,0.0,0.0
8,14,product14,15146.0,12,0.0,0.0
8,15,product15,136.0,65,0.0,0.0
8,16,product16,4744.0,59,0.0,0.0
8,17,product17,5881.0,80,0.0,0.0
8,18,product18,1167.0,63,0.0,0.0
8,19,product19,2492.0,31,0.0,0.0
8,20,product20,816.0,33,0.0,0.0
8,21,product21,3396.0,66,0.0,0.0
8,22,product22,1522.0,47,0.0,0.0
8,23,product23,5071.0,95,0.0,0.0
8,24,product24,5098.0,50,0.0,0.0
8,25,product25,0.0,63,0.0,0.0
8,26,product26,0.0,42,0.0,0.0
8,27,product27,5.0,88,0.0,0.0
8,28,product28,5.0,88,0.0,0.0
8,29,product29,111.0,99,0.0,0.0
8,30,product30,0.0,42,0.0,0.0
8,31,product31,499.0,123,0.0,0.0
8,32,product32,0.0,37,0.0,0.0
8,33,product33,89.0,176,0.0,0.0
8,34,product34,152.0,107,0.0,0.0
8,35,product35,0.0,70,104.0,0.0
8,36,product36,0.0,62,0.0,0.0
8,37,product37,0.0,85,0.0,0.0
8,38,product38,0.0,80,248.0,0.0
8,39,product39,0.0,69,0.0,0.0
8,40,product40,0.0,40,0.0,0.0
8,41,product41,0.0,60,0.0,0.0
8,42,product42,0.0,62,0.0,0.0
8,43,product43,0.0,62,0.0,0.0
8,44,product44,0.0,78,0.0,0.0
8,45,product45,0.0,70,130.0,0.0
8,46,product46,0.0,40,66.0,0.0
8,47,product47,0.0,80,224.0,0.0
8,48,product48,0.0,50,104.0,0.0
8,49,product49,0.0,40,66.0,0.0
9,0,product0,424423.0,20,0.0,0.000372
9,1,product1,34174.0,6,0.0,0.000555
9,2,product2,64856.0,4,0.0,0.000188
9,3,product3,220380.0,13,0.0,0.000504
9,4,product4,643538.0,24,0.0,0.000169
9,5,product5,38144.0,26,0.0,0.0
9,6,product6,2804.0,9,0.0,0.0
9,7,product7,13248.0,30,0.0,0.0
9,8,product8,48664.0,64,0.0,0.0
9,9,product9,20898.0,23,0.0,0.0
9,10,product10,10747.0,16,0.0,0.0
9,11,product11,35018.0,81,0.0,0.0
9,12,product12,9914.0,46,0.0,0.0
9,13,product13,11614.0,11,0.0,0.0
9,14,product14,11080.0,12,0.0,0.0
9,15,product15,6736.0,55,0.0,0.0
9,16,product16,2628.0,58,0.0,0.0
9,17,product17,2096.0,87,0.0,0.0
9,18,product18,6100.0,56,0.0,0.0
9,19,product19,1912.0,29,0.0,0.0
9,20,product20,195.0,37,0.0,0.0
9,21,product21,2018.0,71,0.0,0.0
9,22,product22,1758.0,44,0.0,0.0
9,23,product23,4826.0,100,0.0,0.0
9,24,product24,469.0,56,0.0,0.0
9,25,product25,0.0,73,0.0,0.0
9,26,product26,500.0,43,0.0,0.0
9,27,product27,1627.0,47,0.0,0.0
9,28,product28,3.0,93,0.0,0.0
9,29,product29,306.0,106,0.0,0.0
9,30,product30,68.0,46,0.0,0.0
9,31,product31,897.0,115,0.0,0.0
9,32,product32,0.0,44,0.0,0.0
9,33,product33,69.0,190,0.0,0.0
9,34,product34,241.0,112,0.0,0.0
9,35,product35,0.0,64,103.0,0.0
9,36,product36,0.0,69,0.0,0.0
9,37,product37,0.0,94,0.0,0.0
9,38,product38,0.0,74,250.0,0.0
9,39,product39,0.0,78,0.0,0.0
9,40,product40,0.0,45,0.0,0.0
9,41,product41,0.0,67,0.0,0.0
9,42,product42,0.0,69,0.0,0.0
9,43,product43,0.0,69,0.0,0.0
9,44,product44,0.0,87,0.0,0.0
9,45,product45,0.0,77,144.0,0.0
9,46,product46,0.0,44,70.0,0.0
9,47,product47,0.0,88,243.0,0.0
9,48,product48,0.0,55,117.0,0.0
9,49,product49,0.0,44,69.0,0.0
10,0,product0,539328.0,19,0.0,4.5e-05
10,1,product1,42505.0,8,0.0,0.000309
10,2,product2,57910.0,4,0.0,4.6e-05
10,3,product3,225248.0,14,0.0,7.4e-05
10,4,product4,734154.0,23,0.0,0.001307
10,5,product5,43936.0,32,0.0,0.0
10,6,product6,4562.0,9,0.0,0.0
10,7,product7,11520.0,31,0.0,0.0
10,8,product8,55080.0,68,0.0,0.0
10,9,product9,23509.0,25,0.0,0.0
10,10,product10,10934.0,18,0.0,0.0
10,11,product11,36860.0,87,0.0,0.0
10,12,product12,17999.0,49,0.0,0.0
10,13,product13,8716.0,10,0.0,0.0
10,14,product14,3120.0,13,0.0,0.0
10,15,product15,932.0,60,0.0,0.0
10,16,product16,2343.0,57,0.0,0.0
10,17,product17,2451.0,94,0.0,0.0
10,18,product18,352.0,64,0.0,0.0
10,19,product19,1824.0,31,0.0,0.0
10,20,product20,303.0,38,0.0,0.0
10,21,product21,1853.0,73,0.0,0.0
10,22,product22,2020.0,46,0.0,0.0
10,23,product23,6038.0,92,0.0,0.0
10,24,product24,4077.0,57,0.0,0.0
10,25,product25,489.0,65,0.0,0.0
10,26,product26,360.0,45,0.0,0.0
10,27,product27,57.0,49,0.0,0.0
10,28,product28,0.0,101,0.0,0.0
10,29,product29,468.0,106,0.0,0.0
10,30,product30,640.0,40,0.0,0.0
10,31,product31,604.0,121,0.0,0.0
10,32,product32,18.0,47,0.0,0.0
10,33,product33,808.0,186,0.0,0.0
10,34,product34,40.0,126,0.0,0.0
10,35,product35,0.0,71,106.0,0.0
10,36,product36,0.0,75,0.0,0.0
10,37,product37,0.0,105,0.0,0.0
10,38,product38,0.0,82,283.0,0.0
10,39,product39,0.0,87,0.0,0.0
10,40,product40,0.0,50,0.0,0.0
10,41,product41,0.0,75,0.0,0.0
10,42,product42,0.0,75,0.0,0.0
10,43,product43,0.0,75,0.0,0.0
10,44,product44,0.0,96,0.0,0.0
10,45,product45,0.0,84,160.0,0.0
10,46,product46,0.0,48,75.0,0.0
10,47,product47,0.0,96,269.0,0.0
10,48,product48,0.0,60,128.0,0.0
10,49,product49,0.0,48,75.0,0.0
11,0,product0,544520.0,20,0.0,0.000905
11,1,product1,42471.0,8,0.0,0.000556
11,2,product2,57316.0,5,0.0,0.000684
11,3,product3,223178.0,15,0.0,0.000818
11,4,product4,742140.0,25,0.0,0.000353
11,5,product5,53727.0,26,0.0,0.0
11,6,product6,7536.0,9,0.0,0.0
11,7,product7,14058.0,32,0.0,0.0
11,8,product8,55586.0,70,0.0,0.0
11,9,product9,25405.0,26,0.0,0.0
11,10,product10,10128.0,17,0.0,0.0
11,11,product11,46670.0,87,0.0,0.0
11,12,product12,29702.0,47,0.0,0.0
11,13,product13,1336.0,11,0.0,0.0
11,14,product14,36946.0,13,0.0,0.0
11,15,product15,723.0,68,0.0,0.0
11,16,product16,965.0,63,0.0,0.0
11,17,product17,6209.0,94,0.0,0.0
11,18,product18,3605.0,61,0.0,0.0
11,19,product19,2448.0,31,0.0,0.0
11,20,product20,96.0,40,0.0,0.0
11,21,product21,0.0,85,0.0,0.0
11,22,product22,1322.0,47,0.0,0.0
11,23,product23,6222.0,90,0.0,0.0
11,24,product24,3196.0,60,0.0,0.0
11,25,product25,0.0,74,0.0,0.0
11,26,product26,144.0,48,0.0,0.0
11,27,product27,67.0,51,0.0,0.0
11,28,product28,1013.0,95,0.0,0.0
11,29,product29,99.0,114,0.0,0.0
11,30,product30,0.0,45,0.0,0.0
11,31,product31,269.0,128,0.0,0.0
11,32,product32,0.0,52,0.0,0.0
11,33,product33,162.0,202,0.0,0.0
11,34,product34,97.0,137,0.0,0.0
11,35,product35,0.0,71,104.0,0.0
11,36,product36,0.0,82,0.0,0.0
11,37,product37,0.0,117,0.0,0.0
11,38,product38,0.0,87,316.0,0.0
11,39,product39,4.0,93,0.0,0.0
11,40,product40,5.0,53,0.0,0.0
11,41,product41,172.0,65,0.0,0.0
11,42,product42,6.0,79,0.0,0.0
11,43,product43,16.0,79,0.0,0.0
11,44,product44,42.0,94,0.0,0.0
11,45,product45,0.0,91,172.0,0.0
11,46,product46,0.0,52,77.0,0.0
11,47,product47,0.0,104,304.0,0.0
11,48,product48,0.0,65,140.0,0.0
11,49,product49,0.0,52,80.0,0.0
12,0,product0,383830.0,22,0.0,0.000842
12,1,product1,27022.0,9,0.0,0.000871
12,2,product2,49486.0,5,0.0,0.000687
12,3,product3,173298.0,16,0.0,0.00066
12,4,product4,589704.0,25,0.0,6.4e-05
12,5,product5,38013.0,29,0.0,0.0
12,6,product6,8738.0,9,0.0,0.0
12,7,product7,14474.0,37,0.0,0.0
12,8,product8,58182.0,66,0.0,0.0
12,9,product9,28480.0,26,0.0,0.0
12,10,product10,13530.0,19,0.0,0.0
12,11,product11,62563.0,87,0.0,0.0
12,12,product12,34232.0,41,0.0,0.0
12,13,product13,586.0,14,0.0,0.0
12,14,product14,24038.0,14,0.0,0.0
12,15,product15,5907.0,67,0.0,0.0
12,16,product16,3880.0,66,0.0,0.0
12,17,product17,5550.0,87,0.0,0.0
12,18,product18,4823.0,56,0.0,0.0
12,19,product19,3768.0,33,0.0,0.0
12,20,product20,837.0,45,0.0,0.0
12,21,product21,6366.0,76,0.0,0.0
12,22,product22,1632.0,50,0.0,0.0
12,23,product23,4310.0,96,0.0,0.0
12,24,product24,914.0,64,0.0,0.0
12,25,product25,120.0,82,0.0,0.0
12,26,product26,0.0,54,0.0,0.0
12,27,product27,728.0,52,0.0,0.0
12,28,product28,488.0,102,0.0,0.0
12,29,product29,0.0,127,0.0,0.0
12,30,product30,0.0,51,0.0,0.0
12,31,product31,702.0,135,0.0,0.0
12,32,product32,0.0,58,0.0,0.0
12,33,product33,595.0,202,0.0,0.0
12,34,product34,4.0,149,0.0,0.0
12,35,product35,0.0,76,133.0,0.0
12,36,product36,0.0,88,0.0,0.0
12,37,product37,169.0,112,0.0,0.0
12,38,product38,0.0,94,324.0,0.0
12,39,product39,8.0,100,0.0,0.0
12,40,product40,0.0,58,0.0,0.0
12,41,product41,0.0,67,0.0,0.0
12,42,product42,0.0,85,0.0,0.0
12,43,product43,4.0,84,0.0,0.0
12,44,product44,24.0,97,0.0,0.0
12,45,product45,0.0,98,178.0,0.0
12,46,product46,0.0,56,93.0,0.0
12,47,product47,0.0,112,307.0,0.0
12,48,product48,0.0,68,156.0,0.0
12,49,product49,0.0,56,91.0,0.0
13,0,product0,420627.0,20,0.0,0.0
13,1,product1,34090.0,8,0.0,0.000132
13,2,product2,65388.0,5,0.0,0.001151
13,3,product3,219852.0,13,0.0,0.000879
13,4,product4,640332.0,24,0.0,2.5e-05
13,5,product5,20235.0,31,0.0,0.0
13,6,product6,1951.0,10,0.0,0.0
13,7,product7,10274.0,39,0.0,0.0
13,8,product8,48964.0,62,0.0,0.0
13,9,product9,19918.0,24,0.0,0.0
13,10,product10,12602.0,15,0.0,0.0
13,11,product11,69616.0,82,0.0,0.0
13,12,product12,18576.0,41,0.0,0.0
13,13,product13,7878.0,15,0.0,0.0
13,14,product14,13914.0,14,0.0,0.0
13,15,product15,8733.0,61,0.0,0.0
13,16,product16,6770.0,57,0.0,0.0
13,17,product17,2683.0,93,0.0,0.0
13,18,product18,3884.0,54,0.0,0.0
13,19,product19,3456.0,31,0.0,0.0
13,20,product20,1884.0,37,0.0,0.0
13,21,product21,5531.0,74,0.0,0.0
13,22,product22,14.0,55,0.0,0.0
13,23,product23,9068.0,77,0.0,0.0
13,24,product24,3698.0,62,0.0,0.0
13,25,product25,911.0,67,0.0,0.0
13,26,product26,348.0,54,0.0,0.0
13,27,product27,602.0,48,0.0,0.0
13,28,product28,35.0,110,0.0,0.0
13,29,product29,807.0,113,0.0,0.0
13,30,product30,278.0,47,0.0,0.0
13,31,product31,601.0,123,0.0,0.0
13,32,product32,282.0,54,0.0,0.0
13,33,product33,802.0,198,0.0,0.0
13,34,product34,298.0,149,0.0,0.0
13,35,product35,0.0,80,162.0,0.0
13,36,product36,0.0,94,0.0,0.0
13,37,product37,0.0,118,0.0,0.0
13,38,product38,0.0,102,332.0,0.0
13,39,product39,0.0,109,0.0,0.0
13,40,product40,0.0,63,0.0,0.0
13,41,product41,46.0,62,0.0,0.0
13,42,product42,0.0,91,0.0,0.0
13,43,product43,0.0,90,0.0,0.0
13,44,product44,21.0,101,0.0,0.0
13,45,product45,0.0,105,185.0,0.0
13,46,product46,0.0,59,102.0,0.0
13,47,product47,0.0,107,272.0,0.0
13,48,product48,0.0,73,170.0,0.0
13,49,product49,0.0,60,107.0,0.0
14,0,product0,345915.0,18,0.0,0.00049
14,1,product1,25531.0,5,0.0,0.000719
14,2,product2,44624.0,4,0.0,0.0
14,3,product3,157598.0,11,0.0,0.0
14,4,product4,519013.0,21,0.0,0.000366
14,5,product5,25527.0,32,0.0,0.0
14,6,product6,4290.0,10,0.0,0.0
14,7,product7,13948.0,37,0.0,0.0
14,8,product8,45739.0,62,0.0,0.0
14,9,product9,31884.0,19,0.0,0.0
14,10,product10,10278.0,14,0.0,0.0
14,11,product11,57724.0,69,0.0,0.0
14,12,product12,18344.0,44,0.0,0.0
14,13,product13,0.0,17,0.0,0.0
14,14,product14,15092.0,14,0.0,0.0
14,15,product15,4974.0,57,0.0,0.0
14,16,product16,3141.0,58,0.0,0.0
14,17,product17,5478.0,83,0.0,0.0
14,18,product18,2276.0,58,0.0,0.0
14,19,product19,1728.0,31,0.0,0.0
14,20,product20,717.0,39,0.0,0.0
14,21,product21,8106.0,72,0.0,0.0
14,22,product22,727.0,58,0.0,0.0
14,23,product23,4911.0,80,0.0,0.0
14,24,product24,4452.0,55,0.0,0.0
14,25,product25,14.0,74,0.0,0.0
14,26,product26,1028.0,47,0.0,0.0
14,27,product27,94.0,50,0.0,0.0
14,28,product28,332.0,112,0.0,0.0
14,29,product29,420.0,114,0.0,0.0
14,30,product30,102.0,50,0.0,0.0
14,31,product31,387.0,121,0.0,0.0
14,32,product32,265.0,56,0.0,0.0
14,33,product33,827.0,194,0.0,0.0
14,34,product34,683.0,143,0.0,0.0
14,35,product35,0.0,83,163.0,0.0
14,36,product36,102.0,90,0.0,0.0
14,37,product37,43.0,125,0.0,0.0
14,38,product38,0.0,104,343.0,0.0
14,39,product39,140.0,101,0.0,0.0
14,40,product40,28.0,58,0.0,0.0
14,41,product41,92.0,55,0.0,0.0
14,42,product42,26.0,87,0.0,0.0
14,43,product43,102.0,84,0.0,0.0
14,44,product44,102.0,97,0.0,0.0
14,45,product45,0.0,112,198.0,0.0
14,46,product46,0.0,63,105.0,0.0
14,47,product47,0.0,115,291.0,0.0
14,48,product48,0.0,78,184.0,0.0
14,49,product49,0.0,64,116.0,0.0
15,0,product0,433841.0,20,0.0,0.000676
15,1,product1,34002.0,7,0.0,0.000252
15,2,product2,62548.0,3,0.0,0.000925
15,3,product3,214496.0,13,0.0,0.000103
15,4,product4,654453.0,24,0.0,0.0
15,5,product5,45142.0,27,0.0,0.0
15,6,product6,4582.0,9,0.0,0.0
15,7,product7,10094.0,39,0.0,0.0
15,8,product8,34189.0,64,0.0,0.0
15,9,product9,23419.0,17,0.0,0.0
15,10,product10,7306.0,16,0.0,0.0
15,11,product11,25763.0,76,0.0,0.0
15,12,product12,29626.0,36,0.0,0.0
15,13,product13,120.0,19,0.0,0.0
15,14,product14,11778.0,15,0.0,0.0
15,15,product15,5298.0,59,0.0,0.0
15,16,product16,2385.0,61,0.0,0.0
15,17,product17,5438.0,81,0.0,0.0
15,18,product18,2211.0,64,0.0,0.0
15,19,product19,1780.0,30,0.0,0.0
15,20,product20,1389.0,40,0.0,0.0
15,21,product21,3625.0,73,0.0,0.0
15,22,product22,3891.0,53,0.0,0.0
15,23,product23,2468.0,90,0.0,0.0
15,24,product24,0.0,62,0.0,0.0
15,25,product25,480.0,73,0.0,0.0
15,26,product26,932.0,42,0.0,0.0
15,27,product27,429.0,42,0.0,0.0
15,28,product28,558.0,112,0.0,0.0
15,29,product29,693.0,117,0.0,0.0
15,30,product30,224.0,50,0.0,0.0
15,31,product31,589.0,110,0.0,0.0
15,32,product32,45.0,59,0.0,0.0
15,33,product33,345.0,205,0.0,0.0
15,34,product34,151.0,149,0.0,0.0
15,35,product35,0.0,83,163.0,0.0
15,36,product36,18.0,95,0.0,0.0
15,37,product37,180.0,118,0.0,0.0
15,38,product38,0.0,101,343.0,0.0
15,39,product39,68.0,98,0.0,0.0
15,40,product40,15.0,57,0.0,0.0
15,41,product41,56.0,50,0.0,0.0
15,42,product42,2.0,92,0.0,0.0
15,43,product43,30.0,85,0.0,0.0
15,44,product44,27.0,99,0.0,0.0
15,45,product45,0.0,110,198.0,0.0
15,46,product46,0.0,55,92.0,0.0
15,47,product47,0.0,121,299.0,0.0
15,48,product48,0.0,73,180.0,0.0
15,49,product49,0.0,60,113.0,0.0
16,0,product0,407712.0,19,0.0,0.000372
16,1,product1,33255.0,8,0.0,0.000532
16,2,product2,70292.0,3,0.0,0.000359
16,3,product3,229374.0,10,0.0,0.000956
16,4,product4,644628.0,23,0.0,0.000162
16,5,product5,35955.0,24,0.0,0.0
16,6,product6,3597.0,8,0.0,0.0
16,7,product7,15020.0,38,0.0,0.0
16,8,product8,61977.0,62,0.0,0.0
16,9,product9,21696.0,18,0.0,0.0
16,10,product10,11810.0,15,0.0,0.0
16,11,product11,42620.0,76,0.0,0.0
16,12,product12,19449.0,36,0.0,0.0
16,13,product13,9120.0,17,0.0,0.0
16,14,product14,10508.0,13,0.0,0.0
16,15,product15,100.0,67,0.0,0.0
16,16,product16,3523.0,58,0.0,0.0
16,17,product17,2485.0,88,0.0,0.0
16,18,product18,6504.0,47,0.0,0.0
16,19,product19,1488.0,31,0.0,0.0
16,20,product20,882.0,41,0.0,0.0
16,21,product21,489.0,81,0.0,0.0
16,22,product22,3489.0,47,0.0,0.0
16,23,product23,4591.0,92,0.0,0.0
16,24,product24,0.0,70,0.0,0.0
16,25,product25,193.0,75,0.0,0.0
16,26,product26,32.0,45,0.0,0.0
16,27,product27,256.0,39,0.0,0.0
16,28,product28,0.0,120,0.0,0.0
16,29,product29,993.0,111,0.0,0.0
16,30,product30,584.0,42,0.0,0.0
16,31,product31,472.0,110,0.0,0.0
16,32,product32,21.0,63,0.0,0.0
16,33,product33,516.0,213,0.0,0.0
16,34,product34,485.0,136,0.0,0.0
16,35,product35,0.0,86,157.0,0.0
16,36,product36,15.0,100,0.0,0.0
16,37,product37,154.0,116,0.0,0.0
16,38,product38,0.0,103,365.0,0.0
16,39,product39,52.0,98,0.0,0.0
16,40,product40,5.0,59,0.0,0.0
16,41,product41,0.0,58,0.0,0.0
16,42,product42,34.0,88,0.0,0.0
16,43,product43,70.0,83,0.0,0.0
16,44,product44,114.0,94,0.0,0.0
16,45,product45,0.0,114,204.0,0.0
16,46,product46,0.0,54,91.0,0.0
16,47,product47,0.0,119,278.0,0.0
16,48,product48,0.0,71,174.0,0.0
16,49,product49,0.0,64,117.0,0.0
17,0,product0,400806.0,18,0.0,0.000646
17,1,product1,26439.0,9,0.0,2.3e-05
17,2,product2,34116.0,5,0.0,0.000381
17,3,product3,141758.0,14,0.0,0.000858
17,4,product4,566989.0,24,0.0,0.000489
17,5,product5,47551.0,23,0.0,0.0
17,6,product6,1284.0,10,0.0,0.0
17,7,product7,26220.0,29,0.0,0.0
17,8,product8,60021.0,65,0.0,0.0
17,9,product9,17053.0,21,0.0,0.0
17,10,product10,10547.0,15,0.0,0.0
17,11,product11,25733.0,86,0.0,0.0
17,12,product12,20526.0,38,0.0,0.0
17,13,product13,17476.0,12,0.0,0.0
17,14,product14,18272.0,13,0.0,0.0
17,15,product15,5180.0,59,0.0,0.0
17,16,product16,1910.0,64,0.0,0.0
17,17,product17,4797.0,88,0.0,0.0
17,18,product18,3589.0,46,0.0,0.0
17,19,product19,3252.0,29,0.0,0.0
17,20,product20,1020.0,43,0.0,0.0
17,21,product21,3605.0,81,0.0,0.0
17,22,product22,138.0,52,0.0,0.0
17,23,product23,3494.0,101,0.0,0.0
17,24,product24,4764.0,59,0.0,0.0
17,25,product25,1201.0,74,0.0,0.0
17,26,product26,0.0,51,0.0,0.0
17,27,product27,108.0,43,0.0,0.0
17,28,product28,0.0,129,0.0,0.0
17,29,product29,489.0,109,0.0,0.0
17,30,product30,164.0,45,0.0,0.0
17,31,product31,145.0,117,0.0,0.0
17,32,product32,36.0,67,0.0,0.0
17,33,product33,1201.0,200,0.0,0.0
17,34,product34,300.0,146,0.0,0.0
17,35,product35,0.0,93,160.0,0.0
17,36,product36,0.0,107,0.0,0.0
17,37,product37,36.0,126,0.0,0.0
17,38,product38,0.0,94,364.0,0.0
17,39,product39,144.0,93,0.0,0.0
17,40,product40,38.0,48,0.0,0.0
17,41,product41,0.0,66,0.0,0.0
17,42,product42,7.0,93,0.0,0.0
17,43,product43,42.0,85,0.0,0.0
17,44,product44,51.0,96,0.0,0.0
17,45,product45,0.0,115,195.0,0.0
17,46,product46,0.0,54,93.0,0.0
17,47,product47,0.0,113,255.0,0.0
17,48,product48,0.0,73,181.0,0.0
17,49,product49,0.0,68,125.0,0.0
18,0,product0,419906.0,21,0.0,6e-06
18,1,product1,31769.0,8,0.0,0.000651
18,2,product2,43648.0,5,0.0,6.5e-05
18,3,product3,169350.0,15,0.0,0.000486
18,4,product4,581310.0,26,0.0,0.000367
18,5,product5,34369.0,26,0.0,0.0
18,6,product6,2385.0,12,0.0,0.0
18,7,product7,14106.0,27,0.0,0.0
18,8,product8,45161.0,68,0.0,0.0
18,9,product9,12306.0,24,0.0,0.0
18,10,product10,16651.0,18,0.0,0.0
18,11,product11,50235.0,86,0.0,0.0
18,12,product12,11335.0,47,0.0,0.0
18,13,product13,5818.0,12,0.0,0.0
18,14,product14,16934.0,12,0.0,0.0
18,15,product15,4502.0,57,0.0,0.0
18,16,product16,4061.0,60,0.0,0.0
18,17,product17,3255.0,94,0.0,0.0
18,18,product18,2680.0,54,0.0,0.0
18,19,product19,3528.0,29,0.0,0.0
18,20,product20,132.0,49,0.0,0.0
18,21,product21,303.0,92,0.0,0.0
18,22,product22,1021.0,57,0.0,0.0
18,23,product23,7465.0,96,0.0,0.0
18,24,product24,7406.0,48,0.0,0.0
18,25,product25,261.0,75,0.0,0.0
18,26,product26,408.0,53,0.0,0.0
18,27,product27,304.0,43,0.0,0.0
18,28,product28,713.0,122,0.0,0.0
18,29,product29,273.0,116,0.0,0.0
18,30,product30,408.0,39,0.0,0.0
18,31,product31,306.0,127,0.0,0.0
18,32,product32,462.0,68,0.0,0.0
18,33,product33,412.0,212,0.0,0.0
18,34,product34,318.0,146,0.0,0.0
18,35,product35,0.0,100,170.0,0.0
18,36,product36,68.0,107,0.0,0.0
18,37,product37,0.0,134,0.0,0.0
18,38,product38,0.0,97,377.0,0.0
18,39,product39,44.0,98,0.0,0.0
18,40,product40,3.0,51,0.0,0.0
18,41,product41,6.0,69,0.0,0.0
18,42,product42,0.0,99,0.0,0.0
18,43,product43,188.0,76,0.0,0.0
18,44,product44,144.0,83,0.0,0.0
18,45,product45,0.0,121,197.0,0.0
18,46,product46,0.0,53,77.0,0.0
18,47,product47,0.0,117,255.0,0.0
18,48,product48,0.0,65,167.0,0.0
18,49,product49,0.0,72,130.0,0.0
19,0,product0,426544.0,19,0.0,0.000232
19,1,product1,32902.0,7,0.0,0.000418
19,2,product2,57036.0,5,0.0,0.001037
19,3,product3,200292.0,14,0.0,0.00055
19,4,product4,632008.0,23,0.0,0.000434
19,5,product5,23276.0,28,0.0,0.0
19,6,product6,5973.0,12,0.0,0.0
19,7,product7,13442.0,29,0.0,0.0
19,8,product8,45833.0,65,0.0,0.0
19,9,product9,20219.0,23,0.0,0.0
19,10,product10,13511.0,18,0.0,0.0
19,11,product11,66466.0,80,0.0,0.0
19,12,product12,23079.0,50,0.0,0.0
19,13,product13,562.0,13,0.0,0.0
19,14,product14,19258.0,13,0.0,0.0
19,15,product15,4875.0,57,0.0,0.0
19,16,product16,2560.0,59,0.0,0.0
19,17,product17,5582.0,92,0.0,0.0
19,18,product18,1825.0,58,0.0,0.0
19,19,product19,2208.0,29,0.0,0.0
19,20,product20,216.0,53,0.0,0.0
19,21,product21,6468.0,86,0.0,0.0
19,22,product22,1661.0,56,0.0,0.0
19,23,product23,2302.0,108,0.0,0.0
19,24,product24,656.0,57,0.0,0.0
19,25,product25,539.0,72,0.0,0.0
19,26,product26,948.0,46,0.0,0.0
19,27,product27,119.0,49,0.0,0.0
19,28,product28,818.0,107,0.0,0.0
19,29,product29,24.0,128,0.0,0.0
19,30,product30,192.0,39,0.0,0.0
19,31,product31,337.0,137,0.0,0.0
19,32,product32,0.0,73,0.0,0.0
19,33,product33,289.0,221,0.0,0.0
19,34,product34,44.0,157,0.0,0.0
19,35,product35,0.0,96,180.0,0.0
19,36,product36,192.0,100,0.0,0.0
19,37,product37,143.0,132,0.0,0.0
19,38,product38,0.0,97,370.0,0.0
19,39,product39,72.0,96,0.0,0.0
19,40,product40,16.0,50,0.0,0.0
19,41,product41,90.0,61,0.0,0.0
19,42,product42,18.0,101,0.0,0.0
19,43,product43,34.0,79,0.0,0.0
19,44,product44,21.0,86,0.0,0.0
19,45,product45,0.0,121,194.0,0.0
19,46,product46,0.0,55,74.0,0.0
19,47,product47,0.0,125,261.0,0.0
19,48,product48,0.0,70,175.0,0.0
19,49,product49,0.0,73,144.0,0.0
20,0,product0,238217.0,21,0.0,0.000632
20,1,product1,15659.0,8,0.0,0.000378
20,2,product2,25942.0,4,0.0,0.000163
20,3,product3,95304.0,14,0.0,0.0
20,4,product4,359613.0,26,0.0,0.000489
20,5,product5,38599.0,17,0.0,0.0
20,6,product6,4218.0,11,0.0,0.0
20,7,product7,14596.0,31,0.0,0.0
20,8,product8,46660.0,65,0.0,0.0
20,9,product9,24947.0,26,0.0,0.0
20,10,product10,8319.0,15,0.0,0.0
20,11,product11,42381.0,84,0.0,0.0
20,12,product12,29826.0,45,0.0,0.0
20,13,product13,2340.0,16,0.0,0.0
20,14,product14,16380.0,14,0.0,0.0
20,15,product15,5626.0,56,0.0,0.0
20,16,product16,1533.0,65,0.0,0.0
20,17,product17,5054.0,93,0.0,0.0
20,18,product18,4245.0,58,0.0,0.0
20,19,product19,3032.0,30,0.0,0.0
20,20,product20,1500.0,52,0.0,0.0
20,21,product21,6511.0,81,0.0,0.0
20,22,product22,3764.0,49,0.0,0.0
20,23,product23,3479.0,113,0.0,0.0
20,24,product24,2513.0,58,0.0,0.0
20,25,product25,668.0,62,0.0,0.0
20,26,product26,376.0,49,0.0,0.0
20,27,product27,419.0,51,0.0,0.0
20,28,product28,208.0,118,0.0,0.0
20,29,product29,231.0,138,0.0,0.0
20,30,product30,320.0,38,0.0,0.0
20,31,product31,125.0,151,0.0,0.0
20,32,product32,289.0,72,0.0,0.0
20,33,product33,959.0,207,0.0,0.0
20,34,product34,72.0,167,0.0,0.0
20,35,product35,0.0,80,191.0,0.0
20,36,product36,0.0,106,0.0,0.0
20,37,product37,229.0,116,0.0,0.0
20,38,product38,0.0,104,375.0,0.0
20,39,product39,0.0,105,0.0,0.0
20,40,product40,2.0,54,0.0,0.0
20,41,product41,4.0,61,0.0,0.0
20,42,product42,1.0,106,0.0,0.0
20,43,product43,18.0,81,0.0,0.0
20,44,product44,27.0,91,0.0,0.0
20,45,product45,0.0,121,196.0,0.0
20,46,product46,0.0,55,85.0,0.0
20,47,product47,0.0,128,244.0,0.0
20,48,product48,0.0,69,179.0,0.0
20,49,product49,0.0,69,146.0,0.0
21,0,product0,307567.0,20,0.0,0.00049
21,1,product1,23540.0,11,0.0,5e-06
21,2,product2,44842.0,5,0.0,0.000844
21,3,product3,152166.0,13,0.0,0.0
21,4,product4,472398.0,27,0.0,0.000877
21,5,product5,16132.0,27,0.0,0.0
21,6,product6,2309.0,10,0.0,0.0
21,7,product7,5490.0,35,0.0,0.0
21,8,product8,38116.0,64,0.0,0.0
21,9,product9,13447.0,27,0.0,0.0
21,10,product10,9175.0,17,0.0,0.0
21,11,product11,15030.0,96,0.0,0.0
21,12,product12,16095.0,49,0.0,0.0
21,13,product13,0.0,20,0.0,0.0
21,14,product14,6430.0,15,0.0,0.0
21,15,product15,3052.0,59,0.0,0.0
21,16,product16,3428.0,60,0.0,0.0
21,17,product17,3791.0,95,0.0,0.0
21,18,product18,4105.0,51,0.0,0.0
21,19,product19,2648.0,31,0.0,0.0
21,20,product20,1497.0,50,0.0,0.0
21,21,product21,4939.0,79,0.0,0.0
21,22,product22,1274.0,55,0.0,0.0
21,23,product23,7653.0,104,0.0,0.0
21,24,product24,2423.0,58,0.0,0.0
21,25,product25,828.0,51,0.0,0.0
21,26,product26,836.0,43,0.0,0.0
21,27,product27,71.0,55,0.0,0.0
21,28,product28,614.0,119,0.0,0.0
21,29,product29,1068.0,120,0.0,0.0
21,30,product30,522.0,23,0.0,0.0
21,31,product31,816.0,135,0.0,0.0
21,32,product32,0.0,78,0.0,0.0
21,33,product33,235.0,221,0.0,0.0
21,34,product34,156.0,173,0.0,0.0
21,35,product35,0.0,80,190.0,0.0
21,36,product36,83.0,105,0.0,0.0
21,37,product37,52.0,120,0.0,0.0
21,38,product38,0.0,110,393.0,0.0
21,39,product39,40.0,108,0.0,0.0
21,40,product40,3.0,58,0.0,0.0
21,41,product41,38.0,61,0.0,0.0
21,42,product42,36.0,98,0.0,0.0
21,43,product43,52.0,79,0.0,0.0
21,44,product44,30.0,96,0.0,0.0
21,45,product45,0.0,128,207.0,0.0
21,46,product46,0.0,59,87.0,0.0
21,47,product47,0.0,112,210.0,0.0
21,48,product48,0.0,73,198.0,0.0
21,49,product49,0.0,73,150.0,0.0
22,0,product0,360228.0,20,0.0,0.00053
22,1,product1,27596.0,8,0.0,0.000286
22,2,product2,50708.0,5,0.0,0.000309
22,3,product3,174556.0,14,0.0,0.000741
22,4,product4,545692.0,25,0.0,0.000532
22,5,product5,30684.0,27,0.0,0.0
22,6,product6,2882.0,10,0.0,0.0
22,7,product7,10068.0,38,0.0,0.0
22,8,product8,37220.0,68,0.0,0.0
22,9,product9,20343.0,28,0.0,0.0
22,10,product10,5089.0,20,0.0,0.0
22,11,product11,38395.0,99,0.0,0.0
22,12,product12,23978.0,51,0.0,0.0
22,13,product13,2768.0,20,0.0,0.0
22,14,product14,9748.0,16,0.0,0.0
22,15,product15,0.0,69,0.0,0.0
22,16,product16,3624.0,63,0.0,0.0
22,17,product17,2729.0,96,0.0,0.0
22,18,product18,0.0,60,0.0,0.0
22,19,product19,144.0,37,0.0,0.0
22,20,product20,1425.0,50,0.0,0.0
22,21,product21,588.0,90,0.0,0.0
22,22,product22,1084.0,60,0.0,0.0
22,23,product23,8472.0,101,0.0,0.0
22,24,product24,0.0,65,0.0,0.0
22,25,product25,512.0,50,0.0,0.0
22,26,product26,224.0,43,0.0,0.0
22,27,product27,26.0,60,0.0,0.0
22,28,product28,239.0,124,0.0,0.0
22,29,product29,1083.0,112,0.0,0.0
22,30,product30,106.0,22,0.0,0.0
22,31,product31,717.0,128,0.0,0.0
22,32,product32,120.0,79,0.0,0.0
22,33,product33,517.0,224,0.0,0.0
22,34,product34,786.0,152,0.0,0.0
22,35,product35,0.0,83,193.0,0.0
22,36,product36,0.0,112,0.0,0.0
22,37,product37,139.0,116,0.0,0.0
22,38,product38,0.0,110,407.0,0.0
22,39,product39,36.0,111,0.0,0.0
22,40,product40,7.0,60,0.0,0.0
22,41,product41,44.0,58,0.0,0.0
22,42,product42,5.0,104,0.0,0.0
22,43,product43,36.0,82,0.0,0.0
22,44,product44,72.0,90,0.0,0.0
22,45,product45,0.0,119,208.0,0.0
22,46,product46,0.0,61,87.0,0.0
22,47,product47,0.0,118,209.0,0.0
22,48,product48,0.0,76,206.0,0.0
22,49,product49,0.0,74,146.0,0.0
23,0,product0,254141.0,22,0.0,0.0
23,1,product1,17799.0,8,0.0,0.0
23,2,product2,29442.0,3,0.0,0.001012
23,3,product3,108284.0,12,0.0,9.6e-05
23,4,product4,377689.0,26,0.0,0.0
23,5,product5,28727.0,22,0.0,0.0
23,6,product6,3604.0,7,0.0,0.0
23,7,product7,11500.0,40,0.0,0.0
23,8,product8,42671.0,72,0.0,0.0
23,9,product9,13882.0,25,0.0,0.0
23,10,product10,8450.0,19,0.0,0.0
23,11,product11,44633.0,90,0.0,0.0
23,12,product12,23999.0,53,0.0,0.0
23,13,product13,11292.0,15,0.0,0.0
23,14,product14,11144.0,17,0.0,0.0
23,15,product15,2470.0,65,0.0,0.0
23,16,product16,4955.0,56,0.0,0.0
23,17,product17,3923.0,101,0.0,0.0
23,18,product18,2735.0,59,0.0,0.0
23,19,product19,1244.0,35,0.0,0.0
23,20,product20,1617.0,48,0.0,0.0
23,21,product21,1728.0,94,0.0,0.0
23,22,product22,3658.0,48,0.0,0.0
23,23,product23,4693.0,96,0.0,0.0
23,24,product24,423.0,70,0.0,0.0
23,25,product25,0.0,58,0.0,0.0
23,26,product26,0.0,48,0.0,0.0
23,27,product27,50.0,63,0.0,0.0
23,28,product28,192.0,118,0.0,0.0
23,29,product29,99.0,123,0.0,0.0
23,30,product30,30.0,24,0.0,0.0
23,31,product31,666.0,125,0.0,0.0
23,32,product32,0.0,84,0.0,0.0
23,33,product33,657.0,219,0.0,0.0
23,34,product34,476.0,153,0.0,0.0
23,35,product35,0.0,85,184.0,0.0
23,36,product36,59.0,111,0.0,0.0
23,37,product37,68.0,120,0.0,0.0
23,38,product38,0.0,102,374.0,0.0
23,39,product39,48.0,112,0.0,0.0
23,40,product40,24.0,55,0.0,0.0
23,41,product41,28.0,63,0.0,0.0
23,42,product42,9.0,109,0.0,0.0
23,43,product43,72.0,78,0.0,0.0
23,44,product44,39.0,92,0.0,0.0
23,45,product45,0.0,124,217.0,0.0
23,46,product46,0.0,65,92.0,0.0
23,47,product47,0.0,118,195.0,0.0
23,48,product48,0.0,77,207.0,0.0
23,49,product49,0.0,78,148.0,0.0
24,0,product0,438710.0,20,0.0,0.000211
24,1,product1,35615.0,9,0.0,0.000118
24,2,product2,53398.0,4,0.0,0.000735
24,3,product3,198228.0,14,0.0,0.000593
24,4,product4,609116.0,25,0.0,0.001256
24,5,product5,15497.0,31,0.0,0.0
24,6,product6,2827.0,8,0.0,0.0
24,7,product7,5990.0,41,0.0,0.0
24,8,product8,36365.0,71,0.0,0.0
24,9,product9,14651.0,21,0.0,0.0
24,10,product10,7039.0,22,0.0,0.0
24,11,product11,34237.0,91,0.0,0.0
24,12,product12,10540.0,52,0.0,0.0
24,13,product13,944.0,14,0.0,0.0
24,14,product14,6576.0,15,0.0,0.0
24,15,product15,1468.0,70,0.0,0.0
24,16,product16,426.0,64,0.0,0.0
24,17,product17,2569.0,106,0.0,0.0
24,18,product18,3878.0,54,0.0,0.0
24,19,product19,1024.0,37,0.0,0.0
24,20,product20,978.0,48,0.0,0.0
24,21,product21,5657.0,87,0.0,0.0
24,22,product22,1848.0,38,0.0,0.0
24,23,product23,6056.0,93,0.0,0.0
24,24,product24,6114.0,57,0.0,0.0
24,25,product25,215.0,66,0.0,0.0
24,26,product26,92.0,51,0.0,0.0
24,27,product27,398.0,60,0.0,0.0
24,28,product28,0.0,127,0.0,0.0
24,29,product29,90.0,134,0.0,0.0
24,30,product30,128.0,23,0.0,0.0
24,31,product31,238.0,135,0.0,0.0
24,32,product32,0.0,91,0.0,0.0
24,33,product33,590.0,222,0.0,0.0
24,34,product34,298.0,159,0.0,0.0
24,35,product35,0.0,87,172.0,0.0
24,36,product36,0.0,117,0.0,0.0
24,37,product37,50.0,122,0.0,0.0
24,38,product38,0.0,106,377.0,0.0
24,39,product39,204.0,97,0.0,0.0
24,40,product40,30.0,50,0.0,0.0
24,41,product41,16.0,67,0.0,0.0
24,42,product42,0.0,115,0.0,0.0
24,43,product43,32.0,79,0.0,0.0
24,44,product44,12.0,97,0.0,0.0
24,45,product45,0.0,123,210.0,0.0
24,46,product46,0.0,69,94.0,0.0
24,47,product47,0.0,121,197.0,0.0
24,48,product48,0.0,78,210.0,0.0
24,49,product49,0.0,81,146.0,0.0
25,0,product0,437017.0,21,0.0,8.6e-05
25,1,product1,30525.0,6,0.0,0.0
25,2,product2,38400.0,3,0.0,0.000785
25,3,product3,158286.0,12,0.0,0.000355
25,4,product4,605065.0,23,0.0,0.0
25,5,product5,37777.0,29,0.0,0.0
25,6,product6,5219.0,8,0.0,0.0
25,7,product7,15670.0,40,0.0,0.0
25,8,product8,52023.0,71,0.0,0.0
25,9,product9,17788.0,22,0.0,0.0
25,10,product10,11939.0,26,0.0,0.0
25,11,product11,50405.0,79,0.0,0.0
25,12,product12,22340.0,51,0.0,0.0
25,13,product13,6638.0,14,0.0,0.0
25,14,product14,18242.0,12,0.0,0.0
25,15,product15,2761.0,75,0.0,0.0
25,16,product16,1994.0,68,0.0,0.0
25,17,product17,4708.0,100,0.0,0.0
25,18,product18,1246.0,55,0.0,0.0
25,19,product19,704.0,42,0.0,0.0
25,20,product20,480.0,50,0.0,0.0
25,21,product21,4475.0,84,0.0,0.0
25,22,product22,546.0,45,0.0,0.0
25,23,product23,2864.0,98,0.0,0.0
25,24,product24,410.0,62,0.0,0.0
25,25,product25,403.0,59,0.0,0.0
25,26,product26,424.0,49,0.0,0.0
25,27,product27,362.0,54,0.0,0.0
25,28,product28,753.0,122,0.0,0.0
25,29,product29,861.0,120,0.0,0.0
25,30,product30,36.0,26,0.0,0.0
25,31,product31,297.0,129,0.0,0.0
25,32,product32,390.0,88,0.0,0.0
25,33,product33,558.0,226,0.0,0.0
25,34,product34,285.0,160,0.0,0.0
25,35,product35,0.0,91,172.0,0.0
25,36,product36,0.0,124,0.0,0.0
25,37,product37,0.0,131,0.0,0.0
25,38,product38,0.0,108,400.0,0.0
25,39,product39,52.0,98,0.0,0.0
25,40,product40,15.0,49,0.0,0.0
25,41,product41,4.0,71,0.0,0.0
25,42,product42,0.0,122,0.0,0.0
25,43,product43,96.0,80,0.0,0.0
25,44,product44,9.0,103,0.0,0.0
25,45,product45,0.0,130,221.0,0.0
25,46,product46,0.0,62,82.0,0.0
25,47,product47,0.0,124,194.0,0.0
25,48,product48,0.0,69,186.0,0.0
25,49,product49,0.0,85,155.0,0.0
26,0,product0,318102.0,20,0.0,0.000533
26,1,product1,20759.0,8,0.0,0.000335
26,2,product2,29250.0,5,0.0,0.000551
26,3,product3,115632.0,14,0.0,0.00041
26,4,product4,461741.0,26,0.0,0.00025
26,5,product5,37309.0,32,0.0,0.0
26,6,product6,4257.0,9,0.0,0.0
26,7,product7,15798.0,30,0.0,0.0
26,8,product8,46556.0,74,0.0,0.0
26,9,product9,18025.0,21,0.0,0.0
26,10,product10,8761.0,22,0.0,0.0
26,11,product11,43855.0,77,0.0,0.0
26,12,product12,36017.0,44,0.0,0.0
26,13,product13,1854.0,16,0.0,0.0
26,14,product14,27400.0,10,0.0,0.0
26,15,product15,2546.0,73,0.0,0.0
26,16,product16,3467.0,73,0.0,0.0
26,17,product17,7528.0,88,0.0,0.0
26,18,product18,3699.0,53,0.0,0.0
26,19,product19,3196.0,43,0.0,0.0
26,20,product20,459.0,52,0.0,0.0
26,21,product21,6349.0,69,0.0,0.0
26,22,product22,2397.0,43,0.0,0.0
26,23,product23,7248.0,87,0.0,0.0
26,24,product24,3686.0,57,0.0,0.0
26,25,product25,631.0,53,0.0,0.0
26,26,product26,0.0,54,0.0,0.0
26,27,product27,300.0,54,0.0,0.0
26,28,product28,451.0,122,0.0,0.0
26,29,product29,420.0,120,0.0,0.0
26,30,product30,96.0,28,0.0,0.0
26,31,product31,173.0,143,0.0,0.0
26,32,product32,92.0,90,0.0,0.0
26,33,product33,480.0,228,0.0,0.0
26,34,product34,0.0,171,0.0,0.0
26,35,product35,0.0,93,202.0,0.0
26,36,product36,166.0,115,0.0,0.0
26,37,product37,179.0,119,0.0,0.0
26,38,product38,0.0,109,368.0,0.0
26,39,product39,108.0,99,0.0,0.0
26,40,product40,13.0,48,0.0,0.0
26,41,product41,32.0,70,0.0,0.0
26,42,product42,23.0,121,0.0,0.0
26,43,product43,0.0,88,0.0,0.0
26,44,product44,96.0,103,0.0,0.0
26,45,product45,0.0,137,243.0,0.0
26,46,product46,0.0,61,82.0,0.0
26,47,product47,0.0,132,199.0,0.0
26,48,product48,0.0,73,194.0,0.0
26,49,product49,0.0,89,164.0,0.0
27,0,product0,365970.0,19,0.0,0.000546
27,1,product1,27189.0,9,0.0,0.000412
27,2,product2,38484.0,5,0.0,0.000628
27,3,product3,147982.0,15,0.0,0.001688
27,4,product4,513533.0,24,0.0,0.001217
27,5,product5,20966.0,32,0.0,0.0
27,6,product6,3329.0,9,0.0,0.0
27,7,product7,8306.0,31,0.0,0.0
27,8,product8,35428.0,72,0.0,0.0
27,9,product9,14374.0,22,0.0,0.0
27,10,product10,13343.0,19,0.0,0.0
27,11,product11,43718.0,71,0.0,0.0
27,12,product12,14999.0,46,0.0,0.0
27,13,product13,0.0,19,0.0,0.0
27,14,product14,11818.0,11,0.0,0.0
27,15,product15,3115.0,69,0.0,0.0
27,16,product16,6000.0,61,0.0,0.0
27,17,product17,3656.0,87,0.0,0.0
27,18,product18,4931.0,39,0.0,0.0
27,19,product19,6136.0,27,0.0,0.0
27,20,product20,2061.0,46,0.0,0.0
27,21,product21,5207.0,66,0.0,0.0
27,22,product22,1511.0,35,0.0,0.0
27,23,product23,4836.0,91,0.0,0.0
27,24,product24,1080.0,56,0.0,0.0
27,25,product25,367.0,56,0.0,0.0
27,26,product26,560.0,51,0.0,0.0
27,27,product27,127.0,58,0.0,0.0
27,28,product28,385.0,119,0.0,0.0
27,29,product29,702.0,109,0.0,0.0
27,30,product30,236.0,27,0.0,0.0
27,31,product31,703.0,111,0.0,0.0
27,32,product32,0.0,96,0.0,0.0
27,33,product33,954.0,212,0.0,0.0
27,34,product34,344.0,174,0.0,0.0
27,35,product35,0.0,90,205.0,0.0
27,36,product36,49.0,115,0.0,0.0
27,37,product37,118.0,115,0.0,0.0
27,38,product38,0.0,117,376.0,0.0
27,39,product39,0.0,107,0.0,0.0
27,40,product40,0.0,53,0.0,0.0
27,41,product41,24.0,67,0.0,0.0
27,42,product42,0.0,127,0.0,0.0
27,43,product43,52.0,85,0.0,0.0
27,44,product44,15.0,107,0.0,0.0
27,45,product45,0.0,137,234.0,0.0
27,46,product46,0.0,60,80.0,0.0
27,47,product47,0.0,119,162.0,0.0
27,48,product48,0.0,74,192.0,0.0
27,49,product49,0.0,87,167.0,0.0
28,0,product0,298066.0,19,0.0,0.000393
28,1,product1,21402.0,8,0.0,3.8e-05
28,2,product2,34202.0,5,0.0,0.000411
28,3,product3,125998.0,13,0.0,0.000752
28,4,product4,436944.0,23,0.0,0.000958
28,5,product5,44918.0,22,0.0,0.0
28,6,product6,4225.0,9,0.0,0.0
28,7,product7,11730.0,31,0.0,0.0
28,8,product8,31952.0,72,0.0,0.0
28,9,product9,12823.0,24,0.0,0.0
28,10,product10,7531.0,19,0.0,0.0
28,11,product11,22638.0,75,0.0,0.0
28,12,product12,22550.0,44,0.0,0.0
28,13,product13,8042.0,17,0.0,0.0
28,14,product14,16226.0,13,0.0,0.0
28,15,product15,4731.0,61,0.0,0.0
28,16,product16,3617.0,55,0.0,0.0
28,17,product17,3610.0,80,0.0,0.0
28,18,product18,820.0,46,0.0,0.0
28,19,product19,1720.0,27,0.0,0.0
28,20,product20,639.0,45,0.0,0.0
28,21,product21,5127.0,61,0.0,0.0
28,22,product22,1504.0,36,0.0,0.0
28,23,product23,6259.0,81,0.0,0.0
28,24,product24,0.0,65,0.0,0.0
28,25,product25,679.0,51,0.0,0.0
28,26,product26,100.0,56,0.0,0.0
28,27,product27,37.0,60,0.0,0.0
28,28,product28,255.0,123,0.0,0.0
28,29,product29,399.0,109,0.0,0.0
28,30,product30,86.0,28,0.0,0.0
28,31,product31,496.0,111,0.0,0.0
28,32,product32,394.0,94,0.0,0.0
28,33,product33,1108.0,194,0.0,0.0
28,34,product34,868.0,156,0.0,0.0
28,35,product35,0.0,81,195.0,0.0
28,36,product36,0.0,123,0.0,0.0
28,37,product37,86.0,111,0.0,0.0
28,38,product38,0.0,119,388.0,0.0
28,39,product39,84.0,105,0.0,0.0
28,40,product40,13.0,54,0.0,0.0
28,41,product41,56.0,57,0.0,0.0
28,42,product42,0.0,135,0.0,0.0
28,43,product43,70.0,83,0.0,0.0
28,44,product44,156.0,88,0.0,0.0
28,45,product45,0.0,144,250.0,0.0
28,46,product46,0.0,64,83.0,0.0
28,47,product47,0.0,119,155.0,0.0
28,48,product48,0.0,79,200.0,0.0
28,49,product49,0.0,91,171.0,0.0
29,0,product0,262671.0,19,0.0,0.000846
29,1,product1,17153.0,8,0.0,0.000773
29,2,product2,30196.0,5,0.0,0.000392
29,3,product3,108670.0,15,0.0,0.000465
29,4,product4,403777.0,24,0.0,0.000104
29,5,product5,24072.0,25,0.0,0.0
29,6,product6,3028.0,10,0.0,0.0
29,7,product7,9136.0,29,0.0,0.0
29,8,product8,34747.0,70,0.0,0.0
29,9,product9,12441.0,24,0.0,0.0
29,10,product10,14288.0,16,0.0,0.0
29,11,product11,33565.0,78,0.0,0.0
29,12,product12,10121.0,43,0.0,0.0
29,13,product13,4036.0,17,0.0,0.0
29,14,product14,11288.0,13,0.0,0.0
29,15,product15,2515.0,59,0.0,0.0
29,16,product16,1976.0,58,0.0,0.0
29,17,product17,3771.0,80,0.0,0.0
29,18,product18,5321.0,42,0.0,0.0
29,19,product19,2592.0,29,0.0,0.0
29,20,product20,300.0,47,0.0,0.0
29,21,product21,2484.0,68,0.0,0.0
29,22,product22,227.0,42,0.0,0.0
29,23,product23,551.0,90,0.0,0.0
29,24,product24,3805.0,64,0.0,0.0
29,25,product25,313.0,48,0.0,0.0
29,26,product26,452.0,53,0.0,0.0
29,27,product27,78.0,63,0.0,0.0
29,28,product28,209.0,122,0.0,0.0
29,29,product29,615.0,114,0.0,0.0
29,30,product30,260.0,19,0.0,0.0
29,31,product31,531.0,99,0.0,0.0
29,32,product32,383.0,85,0.0,0.0
29,33,product33,290.0,202,0.0,0.0
29,34,product34,148.0,162,0.0,0.0
29,35,product35,0.0,86,199.0,0.0
29,36,product36,175.0,115,0.0,0.0
29,37,product37,37.0,115,0.0,0.0
29,38,product38,0.0,110,362.0,0.0
29,39,product39,152.0,95,0.0,0.0
29,40,product40,29.0,47,0.0,0.0
29,41,product41,90.0,41,0.0,0.0
29,42,product42,5.0,141,0.0,0.0
29,43,product43,66.0,79,0.0,0.0
29,44,product44,54.0,87,0.0,0.0
29,45,product45,0.0,151,267.0,0.0
29,46,product46,0.0,61,77.0,0.0
29,47,product47,0.0,118,144.0,0.0
29,48,product48,0.0,78,199.0,0.0
29,49,product49,0.0,95,173.0,0.0
30,0,product0,362649.0,19,0.0,0.000593
30,1,product1,27662.0,11,0.0,4.9e-05
30,2,product2,44018.0,6,0.0,0.0
30,3,product3,161798.0,18,0.0,8.1e-05
30,4,product4,521679.0,26,0.0,0.000631
30,5,product5,21004.0,29,0.0,0.0
30,6,product6,2229.0,10,0.0,0.0
30,7,product7,7146.0,29,0.0,0.0
30,8,product8,34372.0,74,0.0,0.0
30,9,product9,12023.0,27,0.0,0.0
30,10,product10,6534.0,19,0.0,0.0
30,11,product11,32266.0,80,0.0,0.0
30,12,product12,19377.0,43,0.0,0.0
30,13,product13,3120.0,17,0.0,0.0
30,14,product14,7890.0,13,0.0,0.0
30,15,product15,3394.0,57,0.0,0.0
30,16,product16,4770.0,45,0.0,0.0
30,17,product17,4237.0,81,0.0,0.0
30,18,product18,469.0,48,0.0,0.0
30,19,product19,1744.0,28,0.0,0.0
30,20,product20,360.0,50,0.0,0.0
30,21,product21,3881.0,68,0.0,0.0
30,22,product22,563.0,44,0.0,0.0
30,23,product23,3532.0,95,0.0,0.0
30,24,product24,1538.0,61,0.0,0.0
30,25,product25,164.0,55,0.0,0.0
30,26,product26,296.0,46,0.0,0.0
30,27,product27,185.0,62,0.0,0.0
30,28,product28,752.0,113,0.0,0.0
30,29,product29,795.0,104,0.0,0.0
30,30,product30,70.0,20,0.0,0.0
30,31,product31,263.0,109,0.0,0.0
30,32,product32,105.0,89,0.0,0.0
30,33,product33,358.0,213,0.0,0.0
30,34,product34,228.0,174,0.0,0.0
30,35,product35,0.0,89,199.0,0.0
30,36,product36,165.0,101,0.0,0.0
30,37,product37,83.0,109,0.0,0.0
30,38,product38,0.0,111,368.0,0.0
30,39,product39,64.0,94,0.0,0.0
30,40,product40,0.0,52,0.0,0.0
30,41,product41,14.0,42,0.0,0.0
30,42,product42,22.0,139,0.0,0.0
30,43,product43,72.0,80,0.0,0.0
30,44,product44,12.0,90,0.0,0.0
30,45,product45,0.0,157,272.0,0.0
30,46,product46,0.0,56,71.0,0.0
30,47,product47,0.0,121,142.0,0.0
30,48,product48,0.0,72,180.0,0.0
30,49,product49,0.0,93,170.0,0.0
31,0,product0,456466.0,19,0.0,0.000462
31,1,product1,34893.0,7,0.0,0.000872
31,2,product2,45664.0,4,0.0,0.0
31,3,product3,182126.0,14,0.0,0.000498
31,4,product4,619419.0,22,0.0,0.001214
31,5,product5,45539.0,34,0.0,0.0
31,6,product6,3864.0,11,0.0,0.0
31,7,product7,11992.0,29,0.0,0.0
31,8,product8,39394.0,76,0.0,0.0
31,9,product9,15462.0,25,0.0,0.0
31,10,product10,10174.0,18,0.0,0.0
31,11,product11,23421.0,82,0.0,0.0
31,12,product12,19799.0,43,0.0,0.0
31,13,product13,5218.0,15,0.0,0.0
31,14,product14,15048.0,13,0.0,0.0
31,15,product15,1924.0,58,0.0,0.0
31,16,product16,1011.0,54,0.0,0.0
31,17,product17,1596.0,88,0.0,0.0
31,18,product18,1350.0,49,0.0,0.0
31,19,product19,1144.0,28,0.0,0.0
31,20,product20,1869.0,49,0.0,0.0
31,21,product21,4664.0,66,0.0,0.0
31,22,product22,296.0,50,0.0,0.0
31,23,product23,5034.0,88,0.0,0.0
31,24,product24,2249.0,59,0.0,0.0
31,25,product25,477.0,51,0.0,0.0
31,26,product26,24.0,50,0.0,0.0
31,27,product27,357.0,51,0.0,0.0
31,28,product28,308.0,111,0.0,0.0
31,29,product29,444.0,104,0.0,0.0
31,30,product30,30.0,23,0.0,0.0
31,31,product31,233.0,110,0.0,0.0
31,32,product32,268.0,82,0.0,0.0
31,33,product33,605.0,208,0.0,0.0
31,34,product34,100.0,184,0.0,0.0
31,35,product35,0.0,91,187.0,0.0
31,36,product36,24.0,104,0.0,0.0
31,37,product37,144.0,101,0.0,0.0
31,38,product38,0.0,119,399.0,0.0
31,39,product39,32.0,95,0.0,0.0
31,40,product40,0.0,56,0.0,0.0
31,41,product41,0.0,48,0.0,0.0
31,42,product42,18.0,140,0.0,0.0
31,43,product43,32.0,83,0.0,0.0
31,44,product44,90.0,85,0.0,0.0
31,45,product45,0.0,157,261.0,0.0
31,46,product46,0.0,59,72.0,0.0
31,47,product47,0.0,122,138.0,0.0
31,48,product48,0.0,72,186.0,0.0
31,49,product49,0.0,92,166.0,0.0
32,0,product0,429601.0,19,0.0,0.000289
32,1,product1,32252.0,8,0.0,0.001411
32,2,product2,43052.0,4,0.0,0.000428
32,3,product3,169540.0,14,0.0,0.000346
32,4,product4,591477.0,23,0.0,0.000295
32,5,product5,50675.0,23,0.0,0.0
32,6,product6,5709.0,10,0.0,0.0
32,7,product7,14978.0,29,0.0,0.0
32,8,product8,51739.0,73,0.0,0.0
32,9,product9,23137.0,23,0.0,0.0
32,10,product10,13502.0,18,0.0,0.0
32,11,product11,19735.0,87,0.0,0.0
32,12,product12,14505.0,49,0.0,0.0
32,13,product13,1240.0,15,0.0,0.0
32,14,product14,22170.0,13,0.0,0.0
32,15,product15,4124.0,58,0.0,0.0
32,16,product16,1734.0,56,0.0,0.0
32,17,product17,1827.0,93,0.0,0.0
32,18,product18,3917.0,47,0.0,0.0
32,19,product19,2440.0,30,0.0,0.0
32,20,product20,804.0,48,0.0,0.0
32,21,product21,243.0,72,0.0,0.0
32,22,product22,2736.0,46,0.0,0.0
32,23,product23,5279.0,88,0.0,0.0
32,24,product24,2346.0,55,0.0,0.0
32,25,product25,456.0,48,0.0,0.0
32,26,product26,92.0,54,0.0,0.0
32,27,product27,220.0,50,0.0,0.0
32,28,product28,352.0,105,0.0,0.0
32,29,product29,393.0,107,0.0,0.0
32,30,product30,68.0,23,0.0,0.0
32,31,product31,211.0,123,0.0,0.0
32,32,product32,60.0,85,0.0,0.0
32,33,product33,225.0,223,0.0,0.0
32,34,product34,592.0,170,0.0,0.0
32,35,product35,0.0,86,168.0,0.0
32,36,product36,111.0,96,0.0,0.0
32,37,product37,59.0,103,0.0,0.0
32,38,product38,0.0,124,426.0,0.0
32,39,product39,16.0,101,0.0,0.0
32,40,product40,7.0,59,0.0,0.0
32,41,product41,6.0,52,0.0,0.0
32,42,product42,18.0,139,0.0,0.0
32,43,product43,52.0,79,0.0,0.0
32,44,product44,63.0,79,0.0,0.0
32,45,product45,0.0,158,256.0,0.0
32,46,product46,0.0,56,72.0,0.0
32,47,product47,0.0,117,130.0,0.0
32,48,product48,0.0,77,196.0,0.0
32,49,product49,0.0,96,170.0,0.0
33,0,product0,309129.0,19,0.0,0.000176
33,1,product1,22478.0,8,0.0,0.000182
33,2,product2,31986.0,3,0.0,0.000867
33,3,product3,123138.0,14,0.0,0.000494
33,4,product4,436014.0,24,0.0,0.000547
33,5,product5,17028.0,19,0.0,0.0
33,6,product6,5568.0,9,0.0,0.0
33,7,product7,10932.0,29,0.0,0.0
33,8,product8,45783.0,72,0.0,0.0
33,9,product9,17902.0,20,0.0,0.0
33,10,product10,9452.0,15,0.0,0.0
33,11,product11,76106.0,67,0.0,0.0
33,12,product12,31485.0,44,0.0,0.0
33,13,product13,4432.0,14,0.0,0.0
33,14,product14,18300.0,15,0.0,0.0
33,15,product15,672.0,62,0.0,0.0
33,16,product16,2848.0,58,0.0,0.0
33,17,product17,4276.0,93,0.0,0.0
33,18,product18,2888.0,50,0.0,0.0
33,19,product19,3584.0,30,0.0,0.0
33,20,product20,294.0,51,0.0,0.0
33,21,product21,183.0,80,0.0,0.0
33,22,product22,1374.0,49,0.0,0.0
33,23,product23,3357.0,98,0.0,0.0
33,24,product24,350.0,60,0.0,0.0
33,25,product25,223.0,46,0.0,0.0
33,26,product26,652.0,47,0.0,0.0
33,27,product27,273.0,51,0.0,0.0
33,28,product28,149.0,105,0.0,0.0
33,29,product29,66.0,112,0.0,0.0
33,30,product30,58.0,25,0.0,0.0
33,31,product31,470.0,113,0.0,0.0
33,32,product32,217.0,84,0.0,0.0
33,33,product33,876.0,204,0.0,0.0
33,34,product34,253.0,174,0.0,0.0
33,35,product35,0.0,81,176.0,0.0
33,36,product36,0.0,104,0.0,0.0
33,37,product37,65.0,99,0.0,0.0
33,38,product38,0.0,119,392.0,0.0
33,39,product39,96.0,100,0.0,0.0
33,40,product40,24.0,55,0.0,0.0
33,41,product41,4.0,53,0.0,0.0
33,42,product42,24.0,142,0.0,0.0
33,43,product43,0.0,87,0.0,0.0
33,44,product44,21.0,85,0.0,0.0
33,45,product45,0.0,154,250.0,0.0
33,46,product46,0.0,60,85.0,0.0
33,47,product47,0.0,115,120.0,0.0
33,48,product48,0.0,80,202.0,0.0
33,49,product49,0.0,100,183.0,0.0
34,0,product0,286070.0,21,0.0,0.00035
34,1,product1,20769.0,7,0.0,0.000799
34,2,product2,28496.0,3,0.0,0.001242
34,3,product3,111770.0,12,0.0,0.00148
34,4,product4,400070.0,25,0.0,0.001125
34,5,product5,25065.0,21,0.0,0.0
34,6,product6,3176.0,9,0.0,0.0
34,7,product7,11712.0,26,0.0,0.0
34,8,product8,37994.0,67,0.0,0.0
34,9,product9,10704.0,20,0.0,0.0
34,10,product10,6623.0,16,0.0,0.0
34,11,product11,34533.0,69,0.0,0.0
34,12,product12,23643.0,42,0.0,0.0
34,13,product13,3998.0,12,0.0,0.0
34,14,product14,6876.0,13,0.0,0.0
34,15,product15,6567.0,54,0.0,0.0
34,16,product16,5576.0,54,0.0,0.0
34,17,product17,4813.0,91,0.0,0.0
34,18,product18,5307.0,42,0.0,0.0
34,19,product19,0.0,34,0.0,0.0
34,20,product20,477.0,52,0.0,0.0
34,21,product21,11410.0,63,0.0,0.0
34,22,product22,2900.0,39,0.0,0.0
34,23,product23,6431.0,89,0.0,0.0
34,24,product24,2883.0,56,0.0,0.0
34,25,product25,12.0,55,0.0,0.0
34,26,product26,64.0,50,0.0,0.0
34,27,product27,304.0,51,0.0,0.0
34,28,product28,164.0,114,0.0,0.0
34,29,product29,84.0,123,0.0,0.0
34,30,product30,98.0,24,0.0,0.0
34,31,product31,141.0,122,0.0,0.0
34,32,product32,0.0,91,0.0,0.0
34,33,product33,714.0,202,0.0,0.0
34,34,product34,222.0,176,0.0,0.0
34,35,product35,0.0,73,183.0,0.0
34,36,product36,63.0,104,0.0,0.0
34,37,product37,64.0,97,0.0,0.0
34,38,product38,0.0,124,387.0,0.0
34,39,product39,104.0,101,0.0,0.0
34,40,product40,4.0,58,0.0,0.0
34,41,product41,56.0,40,0.0,0.0
34,42,product42,28.0,137,0.0,0.0
34,43,product43,98.0,80,0.0,0.0
34,44,product44,21.0,91,0.0,0.0
34,45,product45,0.0,138,248.0,0.0
34,46,product46,0.0,59,92.0,0.0
34,47,product47,0.0,107,114.0,0.0
34,48,product48,0.0,77,199.0,0.0
34,49,product49,0.0,104,192.0,0.0
35,0,product0,210553.0,21,0.0,0.000185
35,1,product1,14161.0,6,0.0,0.000958
35,2,product2,20292.0,4,0.0,3.6e-05
35,3,product3,78954.0,12,0.0,0.000601
35,4,product4,304281.0,23,0.0,0.000776
35,5,product5,30857.0,17,0.0,0.0
35,6,product6,1544.0,8,0.0,0.0
35,7,product7,5004.0,26,0.0,0.0
35,8,product8,27426.0,72,0.0,0.0
35,9,product9,11915.0,19,0.0,0.0
35,10,product10,9206.0,15,0.0,0.0
35,11,product11,24208.0,68,0.0,0.0
35,12,product12,10955.0,43,0.0,0.0
35,13,product13,3488.0,12,0.0,0.0
35,14,product14,17118.0,13,0.0,0.0
35,15,product15,1668.0,55,0.0,0.0
35,16,product16,1743.0,59,0.0,0.0
35,17,product17,1667.0,90,0.0,0.0
35,18,product18,4287.0,36,0.0,0.0
35,19,product19,4492.0,29,0.0,0.0
35,20,product20,1950.0,48,0.0,0.0
35,21,product21,4081.0,65,0.0,0.0
35,22,product22,3098.0,32,0.0,0.0
35,23,product23,5589.0,88,0.0,0.0
35,24,product24,2007.0,52,0.0,0.0
35,25,product25,922.0,43,0.0,0.0
35,26,product26,400.0,46,0.0,0.0
35,27,product27,233.0,47,0.0,0.0
35,28,product28,273.0,110,0.0,0.0
35,29,product29,1173.0,106,0.0,0.0
35,30,product30,288.0,20,0.0,0.0
35,31,product31,623.0,103,0.0,0.0
35,32,product32,485.0,79,0.0,0.0
35,33,product33,382.0,212,0.0,0.0
35,34,product34,110.0,186,0.0,0.0
35,35,product35,0.0,80,190.0,0.0
35,36,product36,0.0,111,0.0,0.0
35,37,product37,19.0,101,0.0,0.0
35,38,product38,0.0,129,393.0,0.0
35,39,product39,72.0,101,0.0,0.0
35,40,product40,6.0,61,0.0,0.0
35,41,product41,10.0,40,0.0,0.0
35,42,product42,0.0,144,0.0,0.0
35,43,product43,28.0,84,0.0,0.0
35,44,product44,87.0,87,0.0,0.0
35,45,product45,0.0,127,235.0,0.0
35,46,product46,0.0,58,91.0,0.0
35,47,product47,0.0,109,109.0,0.0
35,48,product48,0.0,76,203.0,0.0
35,49,product49,0.0,108,195.0,0.0
36,0,product0,261408.0,20,0.0,0.000694
36,1,product1,17333.0,6,0.0,0.00032
36,2,product2,28728.0,5,0.0,2.1e-05
36,3,product3,105630.0,12,0.0,0.000394
36,4,product4,394303.0,23,0.0,0.000696
36,5,product5,22022.0,21,0.0,0.0
36,6,product6,2181.0,9,0.0,0.0
36,7,product7,7030.0,25,0.0,0.0
36,8,product8,27901.0,73,0.0,0.0
36,9,product9,8475.0,22,0.0,0.0
36,10,product10,6239.0,18,0.0,0.0
36,11,product11,15795.0,77,0.0,0.0
36,12,product12,18667.0,45,0.0,0.0
36,13,product13,1882.0,14,0.0,0.0
36,14,product14,10626.0,12,0.0,0.0
36,15,product15,1052.0,62,0.0,0.0
36,16,product16,273.0,69,0.0,0.0
36,17,product17,1751.0,90,0.0,0.0
36,18,product18,673.0,41,0.0,0.0
36,19,product19,1340.0,32,0.0,0.0
36,20,product20,729.0,51,0.0,0.0
36,21,product21,4578.0,61,0.0,0.0
36,22,product22,340.0,38,0.0,0.0
36,23,product23,4083.0,90,0.0,0.0
36,24,product24,1744.0,49,0.0,0.0
36,25,product25,492.0,45,0.0,0.0
36,26,product26,336.0,41,0.0,0.0
36,27,product27,176.0,44,0.0,0.0
36,28,product28,372.0,97,0.0,0.0
36,29,product29,534.0,105,0.0,0.0
36,30,product30,58.0,18,0.0,0.0
36,31,product31,181.0,111,0.0,0.0
36,32,product32,187.0,79,0.0,0.0
36,33,product33,492.0,213,0.0,0.0
36,34,product34,178.0,189,0.0,0.0
36,35,product35,0.0,78,171.0,0.0
36,36,product36,133.0,100,0.0,0.0
36,37,product37,118.0,91,0.0,0.0
36,38,product38,0.0,132,405.0,0.0
36,39,product39,0.0,108,0.0,0.0
36,40,product40,18.0,60,0.0,0.0
36,41,product41,2.0,44,0.0,0.0
36,42,product42,54.0,131,0.0,0.0
36,43,product43,52.0,85,0.0,0.0
36,44,product44,30.0,88,0.0,0.0
36,45,product45,0.0,134,249.0,0.0
36,46,product46,0.0,61,92.0,0.0
36,47,product47,0.0,116,117.0,0.0
36,48,product48,0.0,78,209.0,0.0
36,49,product49,0.0,112,196.0,0.0
37,0,product0,336982.0,20,0.0,9e-05
37,1,product1,25036.0,7,0.0,0.000628
37,2,product2,44856.0,4,0.0,0.00055
37,3,product3,158236.0,13,0.0,0.000287
37,4,product4,507304.0,24,0.0,0.000313
37,5,product5,19782.0,26,0.0,0.0
37,6,product6,4158.0,9,0.0,0.0
37,7,product7,10784.0,27,0.0,0.0
37,8,product8,33040.0,75,0.0,0.0
37,9,product9,11596.0,22,0.0,0.0
37,10,product10,12358.0,17,0.0,0.0
37,11,product11,27802.0,75,0.0,0.0
37,12,product12,11872.0,49,0.0,0.0
37,13,product13,2700.0,12,0.0,0.0
37,14,product14,9974.0,11,0.0,0.0
37,15,product15,1161.0,70,0.0,0.0
37,16,product16,4552.0,55,0.0,0.0
37,17,product17,2603.0,96,0.0,0.0
37,18,product18,3105.0,39,0.0,0.0
37,19,product19,2332.0,30,0.0,0.0
37,20,product20,819.0,53,0.0,0.0
37,21,product21,2076.0,66,0.0,0.0
37,22,product22,208.0,42,0.0,0.0
37,23,product23,2284.0,94,0.0,0.0
37,24,product24,0.0,55,0.0,0.0
37,25,product25,56.0,52,0.0,0.0
37,26,product26,252.0,40,0.0,0.0
37,27,product27,143.0,47,0.0,0.0
37,28,product28,279.0,98,0.0,0.0
37,29,product29,384.0,105,0.0,0.0
37,30,product30,30.0,21,0.0,0.0
37,31,product31,520.0,110,0.0,0.0
37,32,product32,0.0,84,0.0,0.0
37,33,product33,183.0,224,0.0,0.0
37,34,product34,243.0,185,0.0,0.0
37,35,product35,0.0,76,155.0,0.0
37,36,product36,72.0,100,0.0,0.0
37,37,product37,83.0,87,0.0,0.0
37,38,product38,0.0,131,404.0,0.0
37,39,product39,52.0,113,0.0,0.0
37,40,product40,9.0,62,0.0,0.0
37,41,product41,22.0,45,0.0,0.0
37,42,product42,18.0,131,0.0,0.0
37,43,product43,60.0,80,0.0,0.0
37,44,product44,27.0,92,0.0,0.0
37,45,product45,0.0,113,225.0,0.0
37,46,product46,0.0,65,97.0,0.0
37,47,product47,0.0,112,114.0,0.0
37,48,product48,0.0,82,218.0,0.0
37,49,product49,0.0,115,192.0,0.0
38,0,product0,429174.0,18,0.0,0.0
38,1,product1,32047.0,6,0.0,0.000279
38,2,product2,41984.0,5,0.0,0.000809
38,3,product3,168286.0,13,0.0,0.000803
38,4,product4,587278.0,21,0.0,0.000391
38,5,product5,16260.0,36,0.0,0.0
38,6,product6,3116.0,11,0.0,0.0
38,7,product7,10752.0,28,0.0,0.0
38,8,product8,46957.0,74,0.0,0.0
38,9,product9,18550.0,23,0.0,0.0
38,10,product10,8206.0,19,0.0,0.0
38,11,product11,48599.0,71,0.0,0.0
38,12,product12,18579.0,45,0.0,0.0
38,13,product13,3584.0,13,0.0,0.0
38,14,product14,11704.0,13,0.0,0.0
38,15,product15,2720.0,68,0.0,0.0
38,16,product16,1761.0,56,0.0,0.0
38,17,product17,4881.0,85,0.0,0.0
38,18,product18,1370.0,41,0.0,0.0
38,19,product19,1716.0,30,0.0,0.0
38,20,product20,36.0,59,0.0,0.0
38,21,product21,384.0,74,0.0,0.0
38,22,product22,444.0,45,0.0,0.0
38,23,product23,4877.0,90,0.0,0.0
38,24,product24,2170.0,50,0.0,0.0
38,25,product25,405.0,53,0.0,0.0
38,26,product26,0.0,45,0.0,0.0
38,27,product27,33.0,52,0.0,0.0
38,28,product28,0.0,109,0.0,0.0
38,29,product29,702.0,102,0.0,0.0
38,30,product30,0.0,26,0.0,0.0
38,31,product31,138.0,127,0.0,0.0
38,32,product32,161.0,85,0.0,0.0
38,33,product33,641.0,227,0.0,0.0
38,34,product34,160.0,196,0.0,0.0
38,35,product35,0.0,77,148.0,0.0
38,36,product36,0.0,108,0.0,0.0
38,37,product37,58.0,87,0.0,0.0
38,38,product38,0.0,131,408.0,0.0
38,39,product39,12.0,119,0.0,0.0
38,40,product40,15.0,59,0.0,0.0
38,41,product41,0.0,50,0.0,0.0
38,42,product42,0.0,139,0.0,0.0
38,43,product43,30.0,85,0.0,0.0
38,44,product44,0.0,102,0.0,0.0
38,45,product45,0.0,114,229.0,0.0
38,46,product46,0.0,66,93.0,0.0
38,47,product47,0.0,97,100.0,0.0
38,48,product48,0.0,86,222.0,0.0
38,49,product49,0.0,116,195.0,0.0
39,0,product0,491246.0,20,0.0,0.001093
39,1,product1,34614.0,9,0.0,0.0
39,2,product2,40136.0,5,0.0,0.000903
39,3,product3,172060.0,16,0.0,0.000679
39,4,product4,665225.0,25,0.0,0.000335
39,5,product5,51947.0,32,0.0,0.0
39,6,product6,5303.0,11,0.0,0.0
39,7,product7,13310.0,29,0.0,0.0
39,8,product8,41306.0,73,0.0,0.0
39,9,product9,20726.0,22,0.0,0.0
39,10,product10,6299.0,22,0.0,0.0
39,11,product11,35091.0,69,0.0,0.0
39,12,product12,27917.0,39,0.0,0.0
39,13,product13,0.0,16,0.0,0.0
39,14,product14,19966.0,13,0.0,0.0
39,15,product15,4994.0,61,0.0,0.0
39,16,product16,2517.0,57,0.0,0.0
39,17,product17,3768.0,82,0.0,0.0
39,18,product18,3577.0,37,0.0,0.0
39,19,product19,1824.0,31,0.0,0.0
39,20,product20,450.0,62,0.0,0.0
39,21,product21,4827.0,66,0.0,0.0
39,22,product22,3165.0,37,0.0,0.0
39,23,product23,3875.0,91,0.0,0.0
39,24,product24,1396.0,45,0.0,0.0
39,25,product25,343.0,52,0.0,0.0
39,26,product26,16.0,49,0.0,0.0
39,27,product27,332.0,45,0.0,0.0
39,28,product28,425.0,97,0.0,0.0
39,29,product29,123.0,107,0.0,0.0
39,30,product30,24.0,29,0.0,0.0
39,31,product31,819.0,118,0.0,0.0
39,32,product32,0.0,91,0.0,0.0
39,33,product33,202.0,238,0.0,0.0
39,34,product34,32.0,207,0.0,0.0
39,35,product35,0.0,84,157.0,0.0
39,36,product36,70.0,113,0.0,0.0
39,37,product37,0.0,98,0.0,0.0
39,38,product38,0.0,133,430.0,0.0
39,39,product39,48.0,122,0.0,0.0
39,40,product40,0.0,64,0.0,0.0
39,41,product41,0.0,57,0.0,0.0
39,42,product42,10.0,145,0.0,0.0
39,43,product43,18.0,90,0.0,0.0
39,44,product44,153.0,93,0.0,0.0
39,45,product45,0.0,121,244.0,0.0
39,46,product46,0.0,70,98.0,0.0
39,47,product47,0.0,104,117.0,0.0
39,48,product48,0.0,88,228.0,0.0
39,49,product49,0.0,120,202.0,0.0
40,0,product0,356325.0,19,0.0,0.000932
40,1,product1,24164.0,10,0.0,1.1e-05
40,2,product2,29518.0,4,0.0,9.6e-05
40,3,product3,123842.0,16,0.0,3e-06
40,4,product4,494377.0,25,0.0,0.000938
40,5,product5,57958.0,23,0.0,0.0
40,6,product6,6546.0,11,0.0,0.0
40,7,product7,12748.0,30,0.0,0.0
40,8,product8,43837.0,73,0.0,0.0
40,9,product9,18385.0,23,0.0,0.0
40,10,product10,13680.0,21,0.0,0.0
40,11,product11,31104.0,72,0.0,0.0
40,12,product12,30229.0,38,0.0,0.0
40,13,product13,1352.0,18,0.0,0.0
40,14,product14,15936.0,14,0.0,0.0
40,15,product15,1152.0,67,0.0,0.0
40,16,product16,3568.0,56,0.0,0.0
40,17,product17,5320.0,78,0.0,0.0
40,18,product18,3813.0,37,0.0,0.0
40,19,product19,3120.0,31,0.0,0.0
40,20,product20,1302.0,60,0.0,0.0
40,21,product21,5793.0,59,0.0,0.0
40,22,product22,224.0,44,0.0,0.0
40,23,product23,4369.0,94,0.0,0.0
40,24,product24,0.0,52,0.0,0.0
40,25,product25,791.0,41,0.0,0.0
40,26,product26,340.0,45,0.0,0.0
40,27,product27,65.0,48,0.0,0.0
40,28,product28,97.0,97,0.0,0.0
40,29,product29,537.0,104,0.0,0.0
40,30,product30,138.0,26,0.0,0.0
40,31,product31,191.0,120,0.0,0.0
40,32,product32,537.0,81,0.0,0.0
40,33,product33,1005.0,212,0.0,0.0
40,34,product34,259.0,209,0.0,0.0
40,35,product35,0.0,81,170.0,0.0
40,36,product36,0.0,121,0.0,0.0
40,37,product37,69.0,94,0.0,0.0
40,38,product38,0.0,137,425.0,0.0
40,39,product39,0.0,131,0.0,0.0
40,40,product40,0.0,69,0.0,0.0
40,41,product41,14.0,56,0.0,0.0
40,42,product42,0.0,153,0.0,0.0
40,43,product43,0.0,98,0.0,0.0
40,44,product44,45.0,97,0.0,0.0
40,45,product45,0.0,126,256.0,0.0
40,46,product46,0.0,72,112.0,0.0
40,47,product47,0.0,112,121.0,0.0
40,48,product48,0.0,90,236.0,0.0
40,49,product49,0.0,124,221.0,0.0
41,0,product0,284851.0,21,0.0,0.000462
41,1,product1,18901.0,8,0.0,0.000777
41,2,product2,26728.0,6,0.0,5.2e-05
41,3,product3,105594.0,15,0.0,0.0
41,4,product4,411669.0,25,0.0,0.0
41,5,product5,24968.0,25,0.0,0.0
41,6,product6,3870.0,11,0.0,0.0
41,7,product7,11012.0,31,0.0,0.0
41,8,product8,40967.0,76,0.0,0.0
41,9,product9,11708.0,23,0.0,0.0
41,10,product10,13317.0,13,0.0,0.0
41,11,product11,40722.0,83,0.0,0.0
41,12,product12,21024.0,37,0.0,0.0
41,13,product13,3388.0,17,0.0,0.0
41,14,product14,11974.0,13,0.0,0.0
41,15,product15,3536.0,64,0.0,0.0
41,16,product16,4424.0,58,0.0,0.0
41,17,product17,1224.0,85,0.0,0.0
41,18,product18,4086.0,34,0.0,0.0
41,19,product19,2240.0,33,0.0,0.0
41,20,product20,1275.0,57,0.0,0.0
41,21,product21,2520.0,66,0.0,0.0
41,22,product22,1246.0,47,0.0,0.0
41,23,product23,6366.0,89,0.0,0.0
41,24,product24,676.0,58,0.0,0.0
41,25,product25,96.0,48,0.0,0.0
41,26,product26,136.0,45,0.0,0.0
41,27,product27,155.0,51,0.0,0.0
41,28,product28,72.0,106,0.0,0.0
41,29,product29,555.0,99,0.0,0.0
41,30,product30,180.0,23,0.0,0.0
41,31,product31,330.0,113,0.0,0.0
41,32,product32,21.0,86,0.0,0.0
41,33,product33,456.0,218,0.0,0.0
41,34,product34,488.0,204,0.0,0.0
41,35,product35,0.0,72,180.0,0.0
41,36,product36,263.0,103,0.0,0.0
41,37,product37,30.0,99,0.0,0.0
41,38,product38,0.0,144,427.0,0.0
41,39,product39,52.0,131,0.0,0.0
41,40,product40,14.0,68,0.0,0.0
41,41,product41,46.0,49,0.0,0.0
41,42,product42,12.0,155,0.0,0.0
41,43,product43,132.0,92,0.0,0.0
41,44,product44,42.0,97,0.0,0.0
41,45,product45,0.0,133,272.0,0.0
41,46,product46,0.0,74,126.0,0.0
41,47,product47,0.0,109,121.0,0.0
41,48,product48,0.0,95,247.0,0.0
41,49,product49,0.0,128,238.0,0.0
42,0,product0,297158.0,20,0.0,0.000209
42,1,product1,19408.0,9,0.0,0.000364
42,2,product2,32512.0,3,0.0,0.000887
42,3,product3,119708.0,12,0.0,0.00115
42,4,product4,450332.0,25,0.0,0.000723
42,5,product5,23430.0,24,0.0,0.0
42,6,product6,3005.0,11,0.0,0.0
42,7,product7,7834.0,32,0.0,0.0
42,8,product8,45731.0,76,0.0,0.0
42,9,product9,11511.0,22,0.0,0.0
42,10,product10,14296.0,14,0.0,0.0
42,11,product11,21555.0,91,0.0,0.0
42,12,product12,8691.0,44,0.0,0.0
42,13,product13,1470.0,17,0.0,0.0
42,14,product14,21396.0,12,0.0,0.0
42,15,product15,4262.0,61,0.0,0.0
42,16,product16,4801.0,57,0.0,0.0
42,17,product17,4260.0,94,0.0,0.0
42,18,product18,4001.0,27,0.0,0.0
42,19,product19,3464.0,31,0.0,0.0
42,20,product20,0.0,62,0.0,0.0
42,21,product21,3696.0,69,0.0,0.0
42,22,product22,434.0,52,0.0,0.0
42,23,product23,5109.0,92,0.0,0.0
42,24,product24,2211.0,59,0.0,0.0
42,25,product25,489.0,51,0.0,0.0
42,26,product26,140.0,47,0.0,0.0
42,27,product27,81.0,57,0.0,0.0
42,28,product28,102.0,111,0.0,0.0
42,29,product29,591.0,101,0.0,0.0
42,30,product30,106.0,24,0.0,0.0
42,31,product31,623.0,109,0.0,0.0
42,32,product32,101.0,91,0.0,0.0
42,33,product33,814.0,213,0.0,0.0
42,34,product34,719.0,186,0.0,0.0
42,35,product35,0.0,79,190.0,0.0
42,36,product36,0.0,108,0.0,0.0
42,37,product37,41.0,101,0.0,0.0
42,38,product38,0.0,141,420.0,0.0
42,39,product39,60.0,133,0.0,0.0
42,40,product40,39.0,59,0.0,0.0
42,41,product41,26.0,50,0.0,0.0
42,42,product42,7.0,156,0.0,0.0
42,43,product43,0.0,97,0.0,0.0
42,44,product44,42.0,98,0.0,0.0
42,45,product45,0.0,131,261.0,0.0
42,46,product46,0.0,71,122.0,0.0
42,47,product47,0.0,106,123.0,0.0
42,48,product48,0.0,97,260.0,0.0
42,49,product49,0.0,132,241.0,0.0
43,0,product0,343238.0,18,0.0,0.000216
43,1,product1,25397.0,10,0.0,0.000202
43,2,product2,36950.0,4,0.0,1.3e-05
43,3,product3,140688.0,14,0.0,0.00031
43,4,product4,485080.0,23,0.0,0.000516
43,5,product5,25902.0,27,0.0,0.0
43,6,product6,2680.0,11,0.0,0.0
43,7,product7,7880.0,30,0.0,0.0
43,8,product8,32557.0,80,0.0,0.0
43,9,product9,13095.0,22,0.0,0.0
43,10,product10,4773.0,18,0.0,0.0
43,11,product11,35042.0,81,0.0,0.0
43,12,product12,30665.0,37,0.0,0.0
43,13,product13,3568.0,17,0.0,0.0
43,14,product14,9344.0,12,0.0,0.0
43,15,product15,712.0,67,0.0,0.0
43,16,product16,0.0,69,0.0,0.0
43,17,product17,2821.0,98,0.0,0.0
43,18,product18,2998.0,31,0.0,0.0
43,19,product19,1784.0,29,0.0,0.0
43,20,product20,0.0,68,0.0,0.0
43,21,product21,6054.0,65,0.0,0.0
43,22,product22,1405.0,53,0.0,0.0
43,23,product23,2116.0,107,0.0,0.0
43,24,product24,535.0,65,0.0,0.0
43,25,product25,778.0,48,0.0,0.0
43,26,product26,172.0,48,0.0,0.0
43,27,product27,411.0,39,0.0,0.0
43,28,product28,366.0,107,0.0,0.0
43,29,product29,519.0,106,0.0,0.0
43,30,product30,126.0,25,0.0,0.0
43,31,product31,728.0,104,0.0,0.0
43,32,product32,132.0,92,0.0,0.0
43,33,product33,639.0,213,0.0,0.0
43,34,product34,0.0,200,0.0,0.0
43,35,product35,0.0,84,199.0,0.0
43,36,product36,39.0,111,0.0,0.0
43,37,product37,4.0,106,0.0,0.0
43,38,product38,0.0,132,401.0,0.0
43,39,product39,176.0,120,0.0,0.0
43,40,product40,30.0,53,0.0,0.0
43,41,product41,48.0,41,0.0,0.0
43,42,product42,3.0,162,0.0,0.0
43,43,product43,96.0,90,0.0,0.0
43,44,product44,57.0,100,0.0,0.0
43,45,product45,0.0,135,266.0,0.0
43,46,product46,0.0,74,119.0,0.0
43,47,product47,0.0,107,127.0,0.0
43,48,product48,0.0,95,252.0,0.0
43,49,product49,0.0,136,245.0,0.0
44,0,product0,415115.0,20,0.0,0.00022
44,1,product1,32112.0,7,0.0,0.000786
44,2,product2,53418.0,5,0.0,0.000662
44,3,product3,191766.0,12,0.0,0.000145
44,4,product4,605898.0,24,0.0,0.000835
44,5,product5,38541.0,30,0.0,0.0
44,6,product6,3843.0,12,0.0,0.0
44,7,product7,11078.0,30,0.0,0.0
44,8,product8,38075.0,82,0.0,0.0
44,9,product9,15585.0,25,0.0,0.0
44,10,product10,6952.0,21,0.0,0.0
44,11,product11,22931.0,84,0.0,0.0
44,12,product12,23239.0,40,0.0,0.0
44,13,product13,2562.0,15,0.0,0.0
44,14,product14,14958.0,12,0.0,0.0
44,15,product15,2579.0,64,0.0,0.0
44,16,product16,2668.0,67,0.0,0.0
44,17,product17,3678.0,91,0.0,0.0
44,18,product18,1491.0,35,0.0,0.0
44,19,product19,1328.0,30,0.0,0.0
44,20,product20,3849.0,58,0.0,0.0
44,21,product21,2968.0,69,0.0,0.0
44,22,product22,2120.0,49,0.0,0.0
44,23,product23,4828.0,98,0.0,0.0
44,24,product24,1453.0,65,0.0,0.0
44,25,product25,290.0,51,0.0,0.0
44,26,product26,0.0,53,0.0,0.0
44,27,product27,9.0,44,0.0,0.0
44,28,product28,60.0,115,0.0,0.0
44,29,product29,459.0,111,0.0,0.0
44,30,product30,64.0,27,0.0,0.0
44,31,product31,207.0,107,0.0,0.0
44,32,product32,0.0,98,0.0,0.0
44,33,product33,485.0,213,0.0,0.0
44,34,product34,0.0,214,0.0,0.0
44,35,product35,0.0,80,176.0,0.0
44,36,product36,57.0,110,0.0,0.0
44,37,product37,100.0,104,0.0,0.0
44,38,product38,0.0,139,430.0,0.0
44,39,product39,44.0,120,0.0,0.0
44,40,product40,2.0,57,0.0,0.0
44,41,product41,4.0,47,0.0,0.0
44,42,product42,5.0,166,0.0,0.0
44,43,product43,72.0,85,0.0,0.0
44,44,product44,81.0,95,0.0,0.0
44,45,product45,0.0,140,271.0,0.0
44,46,product46,0.0,60,100.0,0.0
44,47,product47,0.0,114,137.0,0.0
44,48,product48,0.0,91,246.0,0.0
44,49,product49,0.0,140,248.0,0.0
45,0,product0,565298.0,17,0.0,0.000415
45,1,product1,43759.0,9,0.0,0.000819
45,2,product2,59432.0,3,0.0,0.00021
45,3,product3,232206.0,13,0.0,0.00068
45,4,product4,773760.0,24,0.0,0.000998
45,5,product5,31874.0,31,0.0,0.0
45,6,product6,4346.0,10,0.0,0.0
45,7,product7,13812.0,27,0.0,0.0
45,8,product8,55895.0,78,0.0,0.0
45,9,product9,22388.0,23,0.0,0.0
45,10,product10,14813.0,18,0.0,0.0
45,11,product11,42076.0,78,0.0,0.0
45,12,product12,11925.0,45,0.0,0.0
45,13,product13,4334.0,16,0.0,0.0
45,14,product14,16396.0,12,0.0,0.0
45,15,product15,268.0,72,0.0,0.0
45,16,product16,5831.0,58,0.0,0.0
45,17,product17,4232.0,91,0.0,0.0
45,18,product18,2296.0,41,0.0,0.0
45,19,product19,2424.0,30,0.0,0.0
45,20,product20,1023.0,59,0.0,0.0
45,21,product21,1877.0,72,0.0,0.0
45,22,product22,1754.0,48,0.0,0.0
45,23,product23,5800.0,97,0.0,0.0
45,24,product24,951.0,63,0.0,0.0
45,25,product25,427.0,47,0.0,0.0
45,26,product26,216.0,53,0.0,0.0
45,27,product27,121.0,45,0.0,0.0
45,28,product28,171.0,116,0.0,0.0
45,29,product29,570.0,110,0.0,0.0
45,30,product30,114.0,28,0.0,0.0
45,31,product31,227.0,109,0.0,0.0
45,32,product32,170.0,98,0.0,0.0
45,33,product33,434.0,214,0.0,0.0
45,34,product34,787.0,195,0.0,0.0
45,35,product35,0.0,87,180.0,0.0
45,36,product36,0.0,117,0.0,0.0
45,37,product37,15.0,110,0.0,0.0
45,38,product38,0.0,147,459.0,0.0
45,39,product39,0.0,128,0.0,0.0
45,40,product40,0.0,62,0.0,0.0
45,41,product41,14.0,51,0.0,0.0
45,42,product42,5.0,172,0.0,0.0
45,43,product43,28.0,88,0.0,0.0
45,44,product44,66.0,97,0.0,0.0
45,45,product45,0.0,146,282.0,0.0
45,46,product46,0.0,64,103.0,0.0
45,47,product47,0.0,108,132.0,0.0
45,48,product48,0.0,93,245.0,0.0
45,49,product49,0.0,144,250.0,0.0
46,0,product0,558950.0,18,0.0,0.000271
46,1,product1,43293.0,8,0.0,0.000244
46,2,product2,61774.0,4,0.0,0.0
46,3,product3,235384.0,12,0.0,8.2e-05
46,4,product4,776095.0,24,0.0,0.000412
46,5,product5,44112.0,30,0.0,0.0
46,6,product6,7055.0,8,0.0,0.0
46,7,product7,18382.0,26,0.0,0.0
46,8,product8,61787.0,73,0.0,0.0
46,9,product9,25847.0,22,0.0,0.0
46,10,product10,17410.0,18,0.0,0.0
46,11,product11,66179.0,62,0.0,0.0
46,12,product12,21125.0,48,0.0,0.0
46,13,product13,1960.0,15,0.0,0.0
46,14,product14,26686.0,13,0.0,0.0
46,15,product15,672.0,76,0.0,0.0
46,16,product16,1661.0,63,0.0,0.0
46,17,product17,4388.0,89,0.0,0.0
46,18,product18,1449.0,45,0.0,0.0
46,19,product19,2568.0,28,0.0,0.0
46,20,product20,2493.0,55,0.0,0.0
46,21,product21,5215.0,65,0.0,0.0
46,22,product22,2659.0,42,0.0,0.0
46,23,product23,948.0,111,0.0,0.0
46,24,product24,2409.0,55,0.0,0.0
46,25,product25,82.0,55,0.0,0.0
46,26,product26,84.0,54,0.0,0.0
46,27,product27,98.0,45,0.0,0.0
46,28,product28,118.0,111,0.0,0.0
46,29,product29,246.0,116,0.0,0.0
46,30,product30,60.0,30,0.0,0.0
46,31,product31,636.0,100,0.0,0.0
46,32,product32,200.0,99,0.0,0.0
46,33,product33,502.0,209,0.0,0.0
46,34,product34,371.0,197,0.0,0.0
46,35,product35,0.0,87,162.0,0.0
46,36,product36,47.0,119,0.0,0.0
46,37,product37,36.0,114,0.0,0.0
46,38,product38,0.0,142,447.0,0.0
46,39,product39,128.0,119,0.0,0.0
46,40,product40,26.0,56,0.0,0.0
46,41,product41,0.0,55,0.0,0.0
46,42,product42,30.0,169,0.0,0.0
46,43,product43,36.0,91,0.0,0.0
46,44,product44,24.0,101,0.0,0.0
46,45,product45,0.0,152,288.0,0.0
46,46,product46,0.0,68,106.0,0.0
46,47,product47,0.0,116,141.0,0.0
46,48,product48,0.0,98,257.0,0.0
46,49,product49,0.0,148,258.0,0.0
47,0,product0,309829.0,17,0.0,0.000495
47,1,product1,21099.0,5,0.0,0.000447
47,2,product2,32090.0,5,0.0,4.1e-05
47,3,product3,121940.0,11,0.0,0.000896
47,4,product4,453664.0,20,0.0,0.001457
47,5,product5,43072.0,25,0.0,0.0
47,6,product6,6691.0,7,0.0,0.0
47,7,product7,18638.0,24,0.0,0.0
47,8,product8,69548.0,70,0.0,0.0
47,9,product9,24696.0,19,0.0,0.0
47,10,product10,10191.0,17,0.0,0.0
47,11,product11,55171.0,58,0.0,0.0
47,12,product12,43942.0,42,0.0,0.0
47,13,product13,8206.0,13,0.0,0.0
47,14,product14,25718.0,12,0.0,0.0
47,15,product15,5859.0,69,0.0,0.0
47,16,product16,6870.0,55,0.0,0.0
47,17,product17,6376.0,84,0.0,0.0
47,18,product18,60.0,51,0.0,0.0
47,19,product19,4192.0,29,0.0,0.0
47,20,product20,1833.0,54,0.0,0.0
47,21,product21,9586.0,59,0.0,0.0
47,22,product22,1551.0,42,0.0,0.0
47,23,product23,5698.0,108,0.0,0.0
47,24,product24,1144.0,57,0.0,0.0
47,25,product25,136.0,62,0.0,0.0
47,26,product26,168.0,52,0.0,0.0
47,27,product27,288.0,42,0.0,0.0
47,28,product28,185.0,111,0.0,0.0
47,29,product29,606.0,111,0.0,0.0
47,30,product30,8.0,33,0.0,0.0
47,31,product31,56.0,118,0.0,0.0
47,32,product32,0.0,105,0.0,0.0
47,33,product33,467.0,216,0.0,0.0
47,34,product34,284.0,199,0.0,0.0
47,35,product35,0.0,83,147.0,0.0
47,36,product36,52.0,123,0.0,0.0
47,37,product37,20.0,120,0.0,0.0
47,38,product38,0.0,142,424.0,0.0
47,39,product39,88.0,119,0.0,0.0
47,40,product40,18.0,54,0.0,0.0
47,41,product41,16.0,56,0.0,0.0
47,42,product42,19.0,172,0.0,0.0
47,43,product43,24.0,95,0.0,0.0
47,44,product44,3.0,110,0.0,0.0
47,45,product45,0.0,138,272.0,0.0
47,46,product46,0.0,65,110.0,0.0
47,47,product47,0.0,115,139.0,0.0
47,48,product48,0.0,90,247.0,0.0
47,49,product49,0.0,152,276.0,0.0
48,0,product0,274761.0,19,0.0,0.000797
48,1,product1,20622.0,8,0.0,0.000875
48,2,product2,34178.0,4,0.0,0.000544
48,3,product3,122686.0,12,0.0,0.000765
48,4,product4,402686.0,24,0.0,0.000357
48,5,product5,31063.0,23,0.0,0.0
48,6,product6,3165.0,9,0.0,0.0
48,7,product7,8642.0,25,0.0,0.0
48,8,product8,36042.0,68,0.0,0.0
48,9,product9,13631.0,21,0.0,0.0
48,10,product10,4927.0,19,0.0,0.0
48,11,product11,27916.0,70,0.0,0.0
48,12,product12,25457.0,41,0.0,0.0
48,13,product13,2050.0,14,0.0,0.0
48,14,product14,11370.0,13,0.0,0.0
48,15,product15,8918.0,57,0.0,0.0
48,16,product16,1784.0,58,0.0,0.0
48,17,product17,6154.0,76,0.0,0.0
48,18,product18,8058.0,40,0.0,0.0
48,19,product19,4112.0,28,0.0,0.0
48,20,product20,2532.0,50,0.0,0.0
48,21,product21,2963.0,63,0.0,0.0
48,22,product22,4972.0,34,0.0,0.0
48,23,product23,10886.0,92,0.0,0.0
48,24,product24,2868.0,55,0.0,0.0
48,25,product25,949.0,43,0.0,0.0
48,26,product26,164.0,52,0.0,0.0
48,27,product27,109.0,45,0.0,0.0
48,28,product28,258.0,111,0.0,0.0
48,29,product29,1014.0,101,0.0,0.0
48,30,product30,162.0,34,0.0,0.0
48,31,product31,466.0,115,0.0,0.0
48,32,product32,278.0,102,0.0,0.0
48,33,product33,662.0,218,0.0,0.0
48,34,product34,517.0,193,0.0,0.0
48,35,product35,0.0,86,153.0,0.0
48,36,product36,0.0,130,0.0,0.0
48,37,product37,39.0,121,0.0,0.0
48,38,product38,0.0,150,439.0,0.0
48,39,product39,16.0,125,0.0,0.0
48,40,product40,0.0,58,0.0,0.0
48,41,product41,0.0,58,0.0,0.0
48,42,product42,0.0,179,0.0,0.0
48,43,product43,22.0,98,0.0,0.0
48,44,product44,72.0,112,0.0,0.0
48,45,product45,0.0,136,275.0,0.0
48,46,product46,0.0,66,114.0,0.0
48,47,product47,0.0,119,140.0,0.0
48,48,product48,0.0,91,245.0,0.0
48,49,product49,0.0,155,294.0,0.0
49,0,product0,294674.0,20,0.0,0.000222
49,1,product1,21234.0,9,0.0,0.000881
49,2,product2,32746.0,4,0.0,0.000647
49,3,product3,122002.0,16,0.0,0.000628
49,4,product4,427849.0,26,0.0,0.001072
49,5,product5,24659.0,23,0.0,0.0
49,6,product6,2744.0,10,0.0,0.0
49,7,product7,9296.0,26,0.0,0.0
49,8,product8,33889.0,68,0.0,0.0
49,9,product9,14811.0,21,0.0,0.0
49,10,product10,11475.0,18,0.0,0.0
49,11,product11,27380.0,69,0.0,0.0
49,12,product12,11452.0,46,0.0,0.0
49,13,product13,2536.0,15,0.0,0.0
49,14,product14,10960.0,12,0.0,0.0
49,15,product15,988.0,67,0.0,0.0
49,16,product16,5178.0,57,0.0,0.0
49,17,product17,1641.0,83,0.0,0.0
49,18,product18,3168.0,38,0.0,0.0
49,19,product19,1680.0,28,0.0,0.0
49,20,product20,261.0,53,0.0,0.0
49,21,product21,5851.0,64,0.0,0.0
49,22,product22,439.0,38,0.0,0.0
49,23,product23,8297.0,86,0.0,0.0
49,24,product24,725.0,60,0.0,0.0
49,25,product25,744.0,39,0.0,0.0
49,26,product26,648.0,44,0.0,0.0
49,27,product27,334.0,39,0.0,0.0
49,28,product28,376.0,102,0.0,0.0
49,29,product29,747.0,100,0.0,0.0
49,30,product30,458.0,23,0.0,0.0
49,31,product31,887.0,110,0.0,0.0
49,32,product32,875.0,80,0.0,0.0
49,33,product33,1310.0,207,0.0,0.0
49,34,product34,232.0,199,0.0,0.0
49,35,product35,0.0,83,144.0,0.0
49,36,product36,123.0,125,0.0,0.0
49,37,product37,76.0,116,0.0,0.0
49,38,product38,0.0,152,441.0,0.0
49,39,product39,172.0,117,0.0,0.0
49,40,product40,9.0,59,0.0,0.0
49,41,product41,32.0,56,0.0,0.0
49,42,product42,17.0,181,0.0,0.0
49,43,product43,120.0,90,0.0,0.0
49,44,product44,33.0,115,0.0,0.0
49,45,product45,0.0,141,286.0,0.0
49,46,product46,0.0,70,116.0,0.0
49,47,product47,0.0,120,155.0,0.0
49,48,product48,0.0,94,250.0,0.0
49,49,product49,0.0,159,297.0,0.0
