t,firm_id,firm_name,inbound_units,outbound_units,open_orders
0,0,firm0,0.0,0.0,0
0,1,firm1,0.0,0.0,0
0,2,firm2,0.0,0.0,0
0,3,firm3,0.0,0.0,0
0,4,firm4,0.0,0.0,0
0,5,firm6,0.0,0.0,0
0,6,firm7,0.0,0.0,0
0,7,firm11,0.0,0.0,0
0,8,firm12,0.0,0.0,0
0,9,firm13,0.0,0.0,0
0,10,firm14,0.0,0.0,0
0,11,firm17,0.0,0.0,0
0,12,firm19,0.0,0.0,0
0,13,firm22,0.0,0.0,0
0,14,firm23,0.0,0.0,0
0,15,firm24,0.0,0.0,0
0,16,firm26,0.0,0.0,0
0,17,firm27,0.0,0.0,0
0,18,firm28,0.0,0.0,0
0,19,firm29,0.0,0.0,0
0,20,firm30,0.0,0.0,0
0,21,firm32,0.0,0.0,0
0,22,firm33,0.0,0.0,0
0,23,firm34,0.0,0.0,0
0,24,firm36,0.0,0.0,0
0,25,firm37,0.0,0.0,0
0,26,firm38,0.0,0.0,0
0,27,firm39,0.0,0.0,0
0,28,firm41,0.0,0.0,0
0,29,firm42,0.0,0.0,0
0,30,firm43,0.0,0.0,0
0,31,firm45,0.0,0.0,0
0,32,firm46,0.0,0.0,0
0,33,firm47,0.0,0.0,0
0,34,firm48,0.0,0.0,0
0,35,firm49,0.0,0.0,0
0,36,firm51,0.0,0.0,0
0,37,firm52,0.0,0.0,0
0,38,firm53,0.0,0.0,0
0,39,firm54,0.0,0.0,0
0,40,firm55,0.0,0.0,0
0,41,firm56,0.0,0.0,0
0,42,firm57,0.0,0.0,0
0,43,firm58,0.0,0.0,0
0,44,firm59,0.0,0.0,0
0,45,firm60,0.0,0.0,4
0,46,firm61,0.0,0.0,0
0,47,firm62,0.0,0.0,0
0,48,firm63,0.0,0.0,0
0,49,firm64,0.0,0.0,2
0,50,firm65,0.0,0.0,0
0,51,firm66,0.0,0.0,0
0,52,firm67,0.0,0.0,2
0,53,firm68,0.0,0.0,0
0,54,firm69,0.0,0.0,0
0,55,firm70,0.0,0.0,8
0,56,firm71,0.0,0.0,0
0,57,firm72,0.0,0.0,0
0,58,firm74,0.0,0.0,0
0,59,firm76,0.0,0.0,0
0,60,firm78,0.0,0.0,0
0,61,firm79,0.0,0.0,0
0,62,firm80,0.0,0.0,13
0,63,firm81,0.0,0.0,3
0,64,firm82,0.0,0.0,0
0,65,firm83,0.0,0.0,1
0,66,firm85,0.0,0.0,2
0,67,firm87,0.0,0.0,0
0,68,firm88,0.0,0.0,0
0,69,firm91,0.0,0.0,1
0,70,firm92,0.0,0.0,1
0,71,firm93,0.0,0.0,2
0,72,firm95,0.0,0.0,4
0,73,firm96,0.0,0.0,6
0,74,firm97,0.0,0.0,0
0,75,firm98,0.0,0.0,2
0,76,firm99,0.0,0.0,1
0,77,firm100,0.0,0.0,0
0,78,firm101,0.0,0.0,0
0,79,firm103,0.0,0.0,2
0,80,firm106,0.0,0.0,0
0,81,firm107,0.0,0.0,6
0,82,firm108,0.0,0.0,13
0,83,firm109,0.0,0.0,2
0,84,firm110,0.0,0.0,4
0,85,firm111,0.0,0.0,0
0,86,firm113,0.0,0.0,2
0,87,firm114,0.0,0.0,3
0,88,firm115,0.0,0.0,5
0,89,firm116,0.0,0.0,1
0,90,firm117,0.0,0.0,1
0,91,firm118,0.0,0.0,2
0,92,firm119,0.0,0.0,3
0,93,firm120,0.0,0.0,3
0,94,firm121,0.0,0.0,4
0,95,firm122,0.0,0.0,4
0,96,firm123,0.0,0.0,4
0,97,firm124,0.0,0.0,6
0,98,firm125,0.0,0.0,3
0,99,firm126,0.0,0.0,4
0,100,firm127,0.0,0.0,2
0,101,firm130,0.0,0.0,4
0,102,firm131,0.0,0.0,2
0,103,firm132,0.0,0.0,8
0,104,firm134,0.0,0.0,4
0,105,firm135,0.0,0.0,4
0,106,firm136,0.0,0.0,2
0,107,firm137,0.0,0.0,2
0,108,firm138,0.0,0.0,5
0,109,firm140,0.0,0.0,7
0,110,firm142,0.0,0.0,6
0,111,firm143,0.0,0.0,4
0,112,firm144,0.0,0.0,4
0,113,firm145,0.0,0.0,2
0,114,firm146,0.0,0.0,4
0,115,firm147,0.0,0.0,6
0,116,firm148,0.0,0.0,4
0,117,firm149,0.0,0.0,2
1,0,firm0,0.0,0.0,0
1,1,firm1,0.0,0.0,0
1,2,firm2,0.0,0.0,0
1,3,firm3,0.0,0.0,0
1,4,firm4,0.0,0.0,0
1,5,firm6,0.0,0.0,0
1,6,firm7,0.0,0.0,0
1,7,firm11,0.0,0.0,0
1,8,firm12,0.0,0.0,0
1,9,firm13,0.0,0.0,0
1,10,firm14,0.0,0.0,0
1,11,firm17,0.0,0.0,0
1,12,firm19,0.0,0.0,0
1,13,firm22,0.0,0.0,0
1,14,firm23,0.0,0.0,0
1,15,firm24,0.0,0.0,0
1,16,firm26,0.0,0.0,0
1,17,firm27,0.0,0.0,0
1,18,firm28,0.0,0.0,0
1,19,firm29,0.0,0.0,0
1,20,firm30,0.0,0.0,5
1,21,firm32,0.0,0.0,0
1,22,firm33,0.0,0.0,0
1,23,firm34,0.0,0.0,0
1,24,firm36,0.0,0.0,0
1,25,firm37,0.0,0.0,3
1,26,firm38,0.0,0.0,0
1,27,firm39,0.0,0.0,0
1,28,firm41,0.0,0.0,0
1,29,firm42,0.0,0.0,0
1,30,firm43,0.0,0.0,0
1,31,firm45,0.0,0.0,2
1,32,firm46,0.0,0.0,0
1,33,firm47,0.0,0.0,0
1,34,firm48,0.0,0.0,0
1,35,firm49,0.0,0.0,0
1,36,firm51,0.0,0.0,0
1,37,firm52,0.0,0.0,2
1,38,firm53,0.0,0.0,0
1,39,firm54,0.0,0.0,1
1,40,firm55,0.0,0.0,0
1,41,firm56,0.0,0.0,0
1,42,firm57,0.0,0.0,1
1,43,firm58,0.0,0.0,1
1,44,firm59,0.0,0.0,0
1,45,firm60,0.0,0.0,10
1,46,firm61,0.0,0.0,0
1,47,firm62,0.0,0.0,1
1,48,firm63,0.0,0.0,2
1,49,firm64,0.0,0.0,9
1,50,firm65,0.0,0.0,0
1,51,firm66,0.0,0.0,4
1,52,firm67,0.0,0.0,7
1,53,firm68,0.0,0.0,0
1,54,firm69,0.0,0.0,0
1,55,firm70,0.0,0.0,22
1,56,firm71,0.0,0.0,6
1,57,firm72,0.0,0.0,7
1,58,firm74,0.0,0.0,4
1,59,firm76,0.0,0.0,1
1,60,firm78,0.0,0.0,6
1,61,firm79,0.0,0.0,3
1,62,firm80,0.0,0.0,40
1,63,firm81,0.0,0.0,8
1,64,firm82,0.0,0.0,0
1,65,firm83,0.0,0.0,3
1,66,firm85,0.0,0.0,8
1,67,firm87,0.0,0.0,1
1,68,firm88,0.0,0.0,0
1,69,firm91,0.0,0.0,3
1,70,firm92,0.0,0.0,3
1,71,firm93,0.0,0.0,6
1,72,firm95,0.0,0.0,6
1,73,firm96,0.0,0.0,10
1,74,firm97,0.0,0.0,1
1,75,firm98,0.0,0.0,3
1,76,firm99,0.0,0.0,3
1,77,firm100,0.0,0.0,1
1,78,firm101,0.0,0.0,0
1,79,firm103,0.0,0.0,4
1,80,firm106,0.0,0.0,7
1,81,firm107,0.0,0.0,11
1,82,firm108,0.0,0.0,31
1,83,firm109,0.0,0.0,7
1,84,firm110,0.0,0.0,6
1,85,firm111,0.0,0.0,0
1,86,firm113,0.0,0.0,5
1,87,firm114,0.0,0.0,6
1,88,firm115,0.0,0.0,9
1,89,firm116,0.0,0.0,2
1,90,firm117,0.0,0.0,4
1,91,firm118,0.0,0.0,4
1,92,firm119,0.0,0.0,5
1,93,firm120,0.0,0.0,6
1,94,firm121,0.0,0.0,7
1,95,firm122,0.0,0.0,6
1,96,firm123,0.0,0.0,6
1,97,firm124,0.0,0.0,10
1,98,firm125,0.0,0.0,4
1,99,firm126,0.0,0.0,7
1,100,firm127,0.0,0.0,3
1,101,firm130,0.0,0.0,6
1,102,firm131,0.0,0.0,3
1,103,firm132,0.0,0.0,13
1,104,firm134,0.0,0.0,5
1,105,firm135,0.0,0.0,6
1,106,firm136,0.0,0.0,3
1,107,firm137,0.0,0.0,4
1,108,firm138,0.0,0.0,7
1,109,firm140,0.0,0.0,10
1,110,firm142,0.0,0.0,11
1,111,firm143,0.0,0.0,6
1,112,firm144,0.0,0.0,7
1,113,firm145,0.0,0.0,3
1,114,firm146,0.0,0.0,6
1,115,firm147,0.0,0.0,10
1,116,firm148,0.0,0.0,6
1,117,firm149,0.0,0.0,3
2,0,firm0,0.0,0.0,0
2,1,firm1,0.0,0.0,6
2,2,firm2,0.0,0.0,0
2,3,firm3,0.0,0.0,0
2,4,firm4,0.0,0.0,0
2,5,firm6,0.0,0.0,0
2,6,firm7,0.0,0.0,2
2,7,firm11,0.0,0.0,0
2,8,firm12,0.0,0.0,0
2,9,firm13,0.0,0.0,2
2,10,firm14,0.0,0.0,1
2,11,firm17,0.0,0.0,1
2,12,firm19,0.0,0.0,1
2,13,firm22,0.0,0.0,1
2,14,firm23,0.0,0.0,6
2,15,firm24,0.0,0.0,1
2,16,firm26,0.0,0.0,2
2,17,firm27,0.0,0.0,0
2,18,firm28,0.0,0.0,1
2,19,firm29,0.0,0.0,2
2,20,firm30,0.0,0.0,11
2,21,firm32,0.0,0.0,1
2,22,firm33,0.0,0.0,0
2,23,firm34,0.0,0.0,7
2,24,firm36,0.0,0.0,8
2,25,firm37,0.0,0.0,13
2,26,firm38,0.0,0.0,0
2,27,firm39,0.0,0.0,2
2,28,firm41,0.0,0.0,3
2,29,firm42,0.0,0.0,0
2,30,firm43,0.0,0.0,5
2,31,firm45,0.0,0.0,5
2,32,firm46,0.0,0.0,1
2,33,firm47,0.0,0.0,0
2,34,firm48,0.0,0.0,0
2,35,firm49,0.0,0.0,9
2,36,firm51,0.0,0.0,3
2,37,firm52,0.0,0.0,5
2,38,firm53,0.0,0.0,0
2,39,firm54,0.0,0.0,2
2,40,firm55,0.0,0.0,3
2,41,firm56,0.0,0.0,2
2,42,firm57,0.0,0.0,7
2,43,firm58,0.0,0.0,3
2,44,firm59,0.0,0.0,0
2,45,firm60,0.0,0.0,16
2,46,firm61,0.0,0.0,1
2,47,firm62,0.0,0.0,2
2,48,firm63,0.0,0.0,7
2,49,firm64,0.0,0.0,18
2,50,firm65,0.0,0.0,2
2,51,firm66,0.0,0.0,10
2,52,firm67,0.0,0.0,11
2,53,firm68,0.0,0.0,1
2,54,firm69,0.0,0.0,1
2,55,firm70,0.0,0.0,32
2,56,firm71,0.0,0.0,11
2,57,firm72,0.0,0.0,13
2,58,firm74,0.0,0.0,11
2,59,firm76,0.0,0.0,1
2,60,firm78,0.0,0.0,12
2,61,firm79,0.0,0.0,6
2,62,firm80,0.0,0.0,64
2,63,firm81,0.0,0.0,20
2,64,firm82,0.0,0.0,1
2,65,firm83,0.0,0.0,3
2,66,firm85,0.0,0.0,12
2,67,firm87,0.0,0.0,1
2,68,firm88,0.0,0.0,0
2,69,firm91,0.0,0.0,5
2,70,firm92,0.0,0.0,6
2,71,firm93,0.0,0.0,11
2,72,firm95,0.0,0.0,8
2,73,firm96,0.0,0.0,16
2,74,firm97,0.0,0.0,2
2,75,firm98,0.0,0.0,4
2,76,firm99,0.0,0.0,3
2,77,firm100,0.0,0.0,5
2,78,firm101,0.0,0.0,0
2,79,firm103,0.0,0.0,8
2,80,firm106,0.0,0.0,12
2,81,firm107,0.0,0.0,16
2,82,firm108,0.0,0.0,47
2,83,firm109,0.0,0.0,14
2,84,firm110,0.0,0.0,8
2,85,firm111,0.0,0.0,1
2,86,firm113,0.0,0.0,8
2,87,firm114,0.0,0.0,10
2,88,firm115,0.0,0.0,13
2,89,firm116,0.0,0.0,3
2,90,firm117,0.0,0.0,6
2,91,firm118,0.0,0.0,8
2,92,firm119,0.0,0.0,8
2,93,firm120,0.0,0.0,8
2,94,firm121,0.0,0.0,9
2,95,firm122,0.0,0.0,8
2,96,firm123,0.0,0.0,8
2,97,firm124,0.0,0.0,13
2,98,firm125,0.0,0.0,5
2,99,firm126,0.0,0.0,10
2,100,firm127,0.0,0.0,4
2,101,firm130,0.0,0.0,8
2,102,firm131,0.0,0.0,4
2,103,firm132,0.0,0.0,18
2,104,firm134,0.0,0.0,7
2,105,firm135,0.0,0.0,8
2,106,firm136,0.0,0.0,4
2,107,firm137,0.0,0.0,6
2,108,firm138,0.0,0.0,9
2,109,firm140,0.0,0.0,13
2,110,firm142,0.0,0.0,17
2,111,firm143,0.0,0.0,8
2,112,firm144,0.0,0.0,8
2,113,firm145,0.0,0.0,4
2,114,firm146,0.0,0.0,8
2,115,firm147,0.0,0.0,14
2,116,firm148,0.0,0.0,8
2,117,firm149,0.0,0.0,7
3,0,firm0,0.0,0.0,0
3,1,firm1,0.0,0.0,18
3,2,firm2,0.0,0.0,4
3,3,firm3,0.0,0.0,3
3,4,firm4,0.0,0.0,1
3,5,firm6,0.0,0.0,4
3,6,firm7,0.0,0.0,7
3,7,firm11,0.0,0.0,2
3,8,firm12,0.0,0.0,1
3,9,firm13,0.0,0.0,12
3,10,firm14,0.0,0.0,8
3,11,firm17,0.0,0.0,5
3,12,firm19,0.0,0.0,16
3,13,firm22,0.0,0.0,7
3,14,firm23,0.0,0.0,24
3,15,firm24,0.0,0.0,9
3,16,firm26,0.0,0.0,8
3,17,firm27,0.0,0.0,0
3,18,firm28,0.0,0.0,1
3,19,firm29,0.0,0.0,4
3,20,firm30,0.0,0.0,19
3,21,firm32,0.0,0.0,6
3,22,firm33,0.0,0.0,1
3,23,firm34,0.0,0.0,9
3,24,firm36,0.0,0.0,12
3,25,firm37,0.0,0.0,20
3,26,firm38,0.0,0.0,0
3,27,firm39,0.0,0.0,3
3,28,firm41,0.0,0.0,5
3,29,firm42,0.0,0.0,4
3,30,firm43,0.0,0.0,8
3,31,firm45,0.0,0.0,8
3,32,firm46,0.0,0.0,2
3,33,firm47,0.0,0.0,1
3,34,firm48,0.0,0.0,1
3,35,firm49,0.0,0.0,20
3,36,firm51,0.0,0.0,4
3,37,firm52,0.0,0.0,7
3,38,firm53,0.0,0.0,0
3,39,firm54,0.0,0.0,4
3,40,firm55,0.0,0.0,8
3,41,firm56,0.0,0.0,10
3,42,firm57,0.0,0.0,15
3,43,firm58,0.0,0.0,5
3,44,firm59,0.0,0.0,1
3,45,firm60,0.0,0.0,22
3,46,firm61,0.0,0.0,1
3,47,firm62,0.0,0.0,4
3,48,firm63,0.0,0.0,10
3,49,firm64,0.0,0.0,27
3,50,firm65,0.0,0.0,6
3,51,firm66,0.0,0.0,17
3,52,firm67,0.0,0.0,17
3,53,firm68,0.0,0.0,2
3,54,firm69,0.0,0.0,1
3,55,firm70,0.0,0.0,41
3,56,firm71,0.0,0.0,18
3,57,firm72,0.0,0.0,19
3,58,firm74,0.0,0.0,18
3,59,firm76,0.0,0.0,2
3,60,firm78,0.0,0.0,18
3,61,firm79,0.0,0.0,14
3,62,firm80,0.0,0.0,94
3,63,firm81,0.0,0.0,28
3,64,firm82,0.0,0.0,1
3,65,firm83,0.0,0.0,4
3,66,firm85,0.0,0.0,19
3,67,firm87,0.0,0.0,2
3,68,firm88,0.0,0.0,0
3,69,firm91,0.0,0.0,5
3,70,firm92,0.0,0.0,6
3,71,firm93,0.0,0.0,13
3,72,firm95,0.0,0.0,10
3,73,firm96,0.0,0.0,21
3,74,firm97,0.0,0.0,3
3,75,firm98,0.0,0.0,5
3,76,firm99,0.0,0.0,5
3,77,firm100,0.0,0.0,5
3,78,firm101,0.0,0.0,0
3,79,firm103,0.0,0.0,11
3,80,firm106,0.0,0.0,17
3,81,firm107,0.0,0.0,24
3,82,firm108,0.0,0.0,63
3,83,firm109,0.0,0.0,23
3,84,firm110,0.0,0.0,10
3,85,firm111,0.0,0.0,1
3,86,firm113,0.0,0.0,11
3,87,firm114,0.0,0.0,12
3,88,firm115,0.0,0.0,18
3,89,firm116,0.0,0.0,7
3,90,firm117,0.0,0.0,7
3,91,firm118,0.0,0.0,11
3,92,firm119,0.0,0.0,8
3,93,firm120,0.0,0.0,9
3,94,firm121,0.0,0.0,12
3,95,firm122,0.0,0.0,10
3,96,firm123,0.0,0.0,10
3,97,firm124,0.0,0.0,16
3,98,firm125,0.0,0.0,6
3,99,firm126,0.0,0.0,14
3,100,firm127,0.0,0.0,5
3,101,firm130,0.0,0.0,10
3,102,firm131,0.0,0.0,5
3,103,firm132,0.0,0.0,20
3,104,firm134,0.0,0.0,11
3,105,firm135,0.0,0.0,10
3,106,firm136,0.0,0.0,5
3,107,firm137,0.0,0.0,8
3,108,firm138,0.0,0.0,12
3,109,firm140,0.0,0.0,15
3,110,firm142,0.0,0.0,21
3,111,firm143,0.0,0.0,10
3,112,firm144,0.0,0.0,10
3,113,firm145,0.0,0.0,5
3,114,firm146,0.0,0.0,10
3,115,firm147,0.0,0.0,17
3,116,firm148,0.0,0.0,10
3,117,firm149,0.0,0.0,9
4,0,firm0,0.0,0.0,0
4,1,firm1,19290.0,18976.0,30
4,2,firm2,0.0,18142.0,1
4,3,firm3,0.0,9738.0,9
4,4,firm4,0.0,40.0,1
4,5,firm6,0.0,192.0,13
4,6,firm7,672.0,3690.0,7
4,7,firm11,0.0,130.0,1
4,8,firm12,0.0,0.0,3
4,9,firm13,630.0,1618.0,18
4,10,firm14,100.0,1924.0,14
4,11,firm17,5406.0,3552.0,7
4,12,firm19,3640.0,13886.0,25
4,13,firm22,15888.0,29276.0,15
4,14,firm23,10692.0,2514.0,42
4,15,firm24,2184.0,13505.0,11
4,16,firm26,2144.0,6336.0,12
4,17,firm27,0.0,0.0,1
4,18,firm28,440.0,0.0,1
4,19,firm29,15317.0,0.0,6
4,20,firm30,2490.0,0.0,30
4,21,firm32,0.0,0.0,11
4,22,firm33,0.0,0.0,2
4,23,firm34,0.0,0.0,13
4,24,firm36,0.0,0.0,21
4,25,firm37,4716.0,0.0,28
4,26,firm38,0.0,0.0,0
4,27,firm39,0.0,0.0,6
4,28,firm41,0.0,0.0,6
4,29,firm42,0.0,0.0,5
4,30,firm43,14152.0,0.0,10
4,31,firm45,0.0,0.0,13
4,32,firm46,2040.0,0.0,2
4,33,firm47,0.0,0.0,3
4,34,firm48,0.0,0.0,1
4,35,firm49,0.0,0.0,32
4,36,firm51,5664.0,0.0,6
4,37,firm52,0.0,0.0,9
4,38,firm53,0.0,0.0,3
4,39,firm54,0.0,0.0,4
4,40,firm55,0.0,0.0,12
4,41,firm56,2144.0,0.0,21
4,42,firm57,15910.0,0.0,24
4,43,firm58,0.0,0.0,9
4,44,firm59,0.0,0.0,2
4,45,firm60,0.0,0.0,28
4,46,firm61,0.0,0.0,1
4,47,firm62,0.0,0.0,6
4,48,firm63,0.0,0.0,15
4,49,firm64,0.0,0.0,35
4,50,firm65,0.0,0.0,9
4,51,firm66,0.0,0.0,22
4,52,firm67,0.0,0.0,21
4,53,firm68,0.0,0.0,2
4,54,firm69,0.0,0.0,2
4,55,firm70,0.0,0.0,53
4,56,firm71,0.0,0.0,27
4,57,firm72,0.0,0.0,26
4,58,firm74,0.0,0.0,25
4,59,firm76,0.0,0.0,2
4,60,firm78,0.0,0.0,19
4,61,firm79,0.0,0.0,16
4,62,firm80,0.0,0.0,122
4,63,firm81,0.0,0.0,37
4,64,firm82,0.0,0.0,2
4,65,firm83,0.0,0.0,7
4,66,firm85,0.0,0.0,24
4,67,firm87,0.0,0.0,2
4,68,firm88,0.0,0.0,0
4,69,firm91,0.0,0.0,6
4,70,firm92,0.0,0.0,7
4,71,firm93,0.0,0.0,16
4,72,firm95,0.0,0.0,12
4,73,firm96,0.0,0.0,25
4,74,firm97,0.0,0.0,3
4,75,firm98,0.0,0.0,8
4,76,firm99,0.0,0.0,6
4,77,firm100,0.0,0.0,6
4,78,firm101,0.0,0.0,1
4,79,firm103,0.0,0.0,13
4,80,firm106,0.0,0.0,22
4,81,firm107,0.0,0.0,30
4,82,firm108,0.0,0.0,79
4,83,firm109,0.0,0.0,25
4,84,firm110,0.0,0.0,12
4,85,firm111,0.0,0.0,1
4,86,firm113,0.0,0.0,13
4,87,firm114,0.0,0.0,15
4,88,firm115,0.0,0.0,23
4,89,firm116,0.0,0.0,9
4,90,firm117,0.0,0.0,9
4,91,firm118,0.0,0.0,13
4,92,firm119,0.0,0.0,12
4,93,firm120,0.0,0.0,12
4,94,firm121,0.0,0.0,15
4,95,firm122,0.0,0.0,12
4,96,firm123,0.0,0.0,12
4,97,firm124,0.0,0.0,18
4,98,firm125,0.0,0.0,7
4,99,firm126,0.0,0.0,17
4,100,firm127,0.0,0.0,6
4,101,firm130,0.0,0.0,12
4,102,firm131,0.0,0.0,6
4,103,firm132,0.0,0.0,24
4,104,firm134,0.0,0.0,13
4,105,firm135,0.0,0.0,12
4,106,firm136,0.0,0.0,6
4,107,firm137,0.0,0.0,10
4,108,firm138,0.0,0.0,14
4,109,firm140,0.0,0.0,19
4,110,firm142,0.0,0.0,26
4,111,firm143,0.0,0.0,12
4,112,firm144,0.0,0.0,13
4,113,firm145,0.0,0.0,6
4,114,firm146,0.0,0.0,12
4,115,firm147,0.0,0.0,19
4,116,firm148,0.0,0.0,12
4,117,firm149,0.0,0.0,11
5,0,firm0,0.0,0.0,1
5,1,firm1,129702.0,366361.0,34
5,2,firm2,0.0,19580.0,4
5,3,firm3,0.0,129026.0,15
5,4,firm4,0.0,5850.0,7
5,5,firm6,7464.0,185274.0,16
5,6,firm7,75157.0,1376.0,9
5,7,firm11,0.0,40806.0,0
5,8,firm12,48612.0,1244.0,4
5,9,firm13,120530.0,88679.0,18
5,10,firm14,81612.0,105995.0,19
5,11,firm17,106992.0,23589.0,8
5,12,firm19,272214.0,208350.0,33
5,13,firm22,58776.0,410524.0,13
5,14,firm23,296760.0,228417.0,44
5,15,firm24,29370.0,58957.0,14
5,16,firm26,78882.0,28865.0,18
5,17,firm27,0.0,0.0,2
5,18,firm28,0.0,40.0,0
5,19,firm29,33285.0,2703.0,6
5,20,firm30,15569.0,498.0,38
5,21,firm32,29040.0,0.0,17
5,22,firm33,53438.0,0.0,3
5,23,firm34,0.0,0.0,17
5,24,firm36,2176.0,0.0,31
5,25,firm37,17139.0,916.0,36
5,26,firm38,0.0,0.0,0
5,27,firm39,0.0,0.0,9
5,28,firm41,0.0,0.0,7
5,29,firm42,60246.0,0.0,5
5,30,firm43,56480.0,2960.0,9
5,31,firm45,160.0,0.0,16
5,32,firm46,20985.0,408.0,4
5,33,firm47,0.0,0.0,3
5,34,firm48,0.0,0.0,2
5,35,firm49,77232.0,0.0,46
5,36,firm51,12245.0,944.0,5
5,37,firm52,1680.0,0.0,14
5,38,firm53,0.0,0.0,5
5,39,firm54,2080.0,0.0,6
5,40,firm55,13788.0,0.0,15
5,41,firm56,89952.0,536.0,27
5,42,firm57,108891.0,1684.0,28
5,43,firm58,256.0,0.0,12
5,44,firm59,3840.0,0.0,2
5,45,firm60,0.0,0.0,34
5,46,firm61,0.0,0.0,1
5,47,firm62,0.0,0.0,7
5,48,firm63,0.0,0.0,19
5,49,firm64,100.0,0.0,48
5,50,firm65,0.0,0.0,9
5,51,firm66,0.0,0.0,28
5,52,firm67,0.0,0.0,26
5,53,firm68,0.0,0.0,3
5,54,firm69,0.0,0.0,3
5,55,firm70,2112.0,0.0,61
5,56,firm71,2648.0,0.0,33
5,57,firm72,816.0,0.0,33
5,58,firm74,0.0,0.0,29
5,59,firm76,0.0,0.0,3
5,60,firm78,0.0,0.0,26
5,61,firm79,64.0,0.0,20
5,62,firm80,2308.0,0.0,150
5,63,firm81,792.0,0.0,44
5,64,firm82,189.0,0.0,2
5,65,firm83,0.0,0.0,12
5,66,firm85,0.0,0.0,28
5,67,firm87,0.0,0.0,3
5,68,firm88,0.0,0.0,1
5,69,firm91,0.0,0.0,9
5,70,firm92,0.0,0.0,9
5,71,firm93,0.0,0.0,17
5,72,firm95,0.0,0.0,14
5,73,firm96,0.0,0.0,28
5,74,firm97,0.0,0.0,3
5,75,firm98,0.0,0.0,10
5,76,firm99,0.0,0.0,7
5,77,firm100,0.0,0.0,9
5,78,firm101,0.0,0.0,1
5,79,firm103,0.0,0.0,13
5,80,firm106,0.0,0.0,27
5,81,firm107,0.0,0.0,39
5,82,firm108,0.0,0.0,90
5,83,firm109,0.0,0.0,33
5,84,firm110,0.0,0.0,14
5,85,firm111,0.0,0.0,2
5,86,firm113,0.0,0.0,17
5,87,firm114,0.0,0.0,16
5,88,firm115,0.0,0.0,28
5,89,firm116,0.0,0.0,11
5,90,firm117,0.0,0.0,13
5,91,firm118,0.0,0.0,15
5,92,firm119,0.0,0.0,16
5,93,firm120,0.0,0.0,14
5,94,firm121,0.0,0.0,19
5,95,firm122,0.0,0.0,14
5,96,firm123,0.0,0.0,14
5,97,firm124,0.0,0.0,21
5,98,firm125,0.0,0.0,8
5,99,firm126,0.0,0.0,20
5,100,firm127,0.0,0.0,7
5,101,firm130,0.0,0.0,14
5,102,firm131,0.0,0.0,7
5,103,firm132,0.0,0.0,29
5,104,firm134,0.0,0.0,16
5,105,firm135,0.0,0.0,14
5,106,firm136,0.0,0.0,7
5,107,firm137,0.0,0.0,12
5,108,firm138,0.0,0.0,15
5,109,firm140,0.0,0.0,23
5,110,firm142,0.0,0.0,34
5,111,firm143,0.0,0.0,14
5,112,firm144,0.0,0.0,14
5,113,firm145,0.0,0.0,7
5,114,firm146,0.0,0.0,14
5,115,firm147,0.0,0.0,21
5,116,firm148,0.0,0.0,14
5,117,firm149,0.0,0.0,12
6,0,firm0,0.0,16444.0,0
6,1,firm1,107790.0,247122.0,31
6,2,firm2,0.0,39392.0,3
6,3,firm3,18060.0,74016.0,22
6,4,firm4,0.0,77464.0,8
6,5,firm6,31680.0,62654.0,14
6,6,firm7,21672.0,20665.0,9
6,7,firm11,0.0,0.0,1
6,8,firm12,6912.0,13318.0,4
6,9,firm13,79304.0,119743.0,16
6,10,firm14,32888.0,61823.0,20
6,11,firm17,32286.0,17832.0,9
6,12,firm19,194243.0,175786.0,30
6,13,firm22,144144.0,335474.0,17
6,14,firm23,155054.0,155501.0,44
6,15,firm24,13008.0,29951.0,15
6,16,firm26,72761.0,78399.0,19
6,17,firm27,63470.0,0.0,2
6,18,firm28,0.0,0.0,3
6,19,firm29,22371.0,4151.0,4
6,20,firm30,62162.0,3294.0,41
6,21,firm32,33108.0,4840.0,17
6,22,firm33,0.0,4858.0,2
6,23,firm34,2765.0,0.0,22
6,24,firm36,49140.0,544.0,39
6,25,firm37,25624.0,2055.0,42
6,26,firm38,0.0,0.0,0
6,27,firm39,1304.0,0.0,12
6,28,firm41,3342.0,0.0,7
6,29,firm42,4284.0,10041.0,3
6,30,firm43,9088.0,3410.0,8
6,31,firm45,16014.0,20.0,17
6,32,firm46,0.0,4197.0,4
6,33,firm47,0.0,0.0,3
6,34,firm48,0.0,0.0,2
6,35,firm49,63044.0,4798.0,57
6,36,firm51,10332.0,2449.0,6
6,37,firm52,8851.0,0.0,17
6,38,firm53,0.0,0.0,6
6,39,firm54,11096.0,260.0,7
6,40,firm55,12982.0,2298.0,16
6,41,firm56,80634.0,20724.0,30
6,42,firm57,64078.0,14794.0,30
6,43,firm58,4798.0,32.0,13
6,44,firm59,16992.0,640.0,1
6,45,firm60,715.0,0.0,39
6,46,firm61,2048.0,0.0,1
6,47,firm62,0.0,0.0,8
6,48,firm63,4085.0,0.0,22
6,49,firm64,9824.0,0.0,56
6,50,firm65,0.0,0.0,10
6,51,firm66,680.0,0.0,32
6,52,firm67,253.0,0.0,32
6,53,firm68,324.0,0.0,3
6,54,firm69,3200.0,0.0,5
6,55,firm70,13077.0,264.0,65
6,56,firm71,12907.0,0.0,40
6,57,firm72,1455.0,136.0,37
6,58,firm74,10918.0,0.0,34
6,59,firm76,0.0,0.0,4
6,60,firm78,25993.0,0.0,31
6,61,firm79,16016.0,8.0,25
6,62,firm80,21098.0,498.0,168
6,63,firm81,10708.0,0.0,49
6,64,firm82,213.0,0.0,2
6,65,firm83,1.0,0.0,14
6,66,firm85,510.0,0.0,32
6,67,firm87,0.0,0.0,3
6,68,firm88,0.0,0.0,1
6,69,firm91,0.0,0.0,11
6,70,firm92,0.0,0.0,11
6,71,firm93,0.0,0.0,21
6,72,firm95,0.0,0.0,16
6,73,firm96,8.0,0.0,32
6,74,firm97,0.0,0.0,4
6,75,firm98,0.0,0.0,12
6,76,firm99,128.0,0.0,7
6,77,firm100,0.0,0.0,10
6,78,firm101,0.0,0.0,2
6,79,firm103,0.0,0.0,15
6,80,firm106,0.0,0.0,33
6,81,firm107,0.0,0.0,47
6,82,firm108,373.0,0.0,103
6,83,firm109,0.0,0.0,39
6,84,firm110,0.0,0.0,16
6,85,firm111,0.0,0.0,2
6,86,firm113,0.0,0.0,21
6,87,firm114,80.0,0.0,19
6,88,firm115,0.0,0.0,32
6,89,firm116,0.0,0.0,13
6,90,firm117,0.0,0.0,14
6,91,firm118,0.0,0.0,19
6,92,firm119,0.0,0.0,21
6,93,firm120,0.0,0.0,15
6,94,firm121,0.0,0.0,21
6,95,firm122,0.0,0.0,16
6,96,firm123,0.0,0.0,16
6,97,firm124,0.0,0.0,24
6,98,firm125,0.0,0.0,9
6,99,firm126,0.0,0.0,22
6,100,firm127,0.0,0.0,8
6,101,firm130,0.0,0.0,16
6,102,firm131,0.0,0.0,8
6,103,firm132,0.0,0.0,32
6,104,firm134,0.0,0.0,18
6,105,firm135,0.0,0.0,16
6,106,firm136,0.0,0.0,8
6,107,firm137,0.0,0.0,13
6,108,firm138,0.0,0.0,16
6,109,firm140,0.0,0.0,29
6,110,firm142,0.0,0.0,40
6,111,firm143,0.0,0.0,16
6,112,firm144,0.0,0.0,17
6,113,firm145,0.0,0.0,8
6,114,firm146,0.0,0.0,16
6,115,firm147,0.0,0.0,23
6,116,firm148,0.0,0.0,16
6,117,firm149,0.0,0.0,14
7,0,firm0,0.0,0.0,0
7,1,firm1,96594.0,121440.0,31
7,2,firm2,0.0,64980.0,3
7,3,firm3,32746.0,177905.0,24
7,4,firm4,8464.0,37904.0,6
7,5,firm6,29064.0,27030.0,12
7,6,firm7,27280.0,38384.0,10
7,7,firm11,0.0,15296.0,1
7,8,firm12,4944.0,7198.0,3
7,9,firm13,35024.0,67189.0,15
7,10,firm14,30704.0,88770.0,17
7,11,firm17,54156.0,52744.0,9
7,12,firm19,122050.0,126365.0,27
7,13,firm22,105864.0,273232.0,12
7,14,firm23,132727.0,137970.0,48
7,15,firm24,20322.0,69062.0,16
7,16,firm26,82490.0,29113.0,16
7,17,firm27,36542.0,5770.0,1
7,18,firm28,0.0,18856.0,1
7,19,firm29,25205.0,6150.0,3
7,20,firm30,36008.0,9387.0,46
7,21,firm32,46185.0,5484.0,18
7,22,firm33,448.0,0.0,3
7,23,firm34,12948.0,0.0,24
7,24,firm36,32993.0,5741.0,48
7,25,firm37,27069.0,1039.0,45
7,26,firm38,0.0,0.0,0
7,27,firm39,1666.0,163.0,15
7,28,firm41,2278.0,0.0,7
7,29,firm42,0.0,714.0,5
7,30,firm43,66296.0,8508.0,7
7,31,firm45,24741.0,0.0,20
7,32,firm46,0.0,0.0,6
7,33,firm47,5480.0,0.0,3
7,34,firm48,720.0,0.0,3
7,35,firm49,71078.0,8562.0,62
7,36,firm51,21404.0,1722.0,5
7,37,firm52,2583.0,1720.0,14
7,38,firm53,0.0,0.0,10
7,39,firm54,6768.0,1176.0,9
7,40,firm55,13208.0,896.0,17
7,41,firm56,31508.0,15674.0,23
7,42,firm57,57613.0,2778.0,33
7,43,firm58,5258.0,0.0,17
7,44,firm59,0.0,2832.0,0
7,45,firm60,972.0,0.0,45
7,46,firm61,0.0,256.0,2
7,47,firm62,5100.0,0.0,13
7,48,firm63,6666.0,0.0,25
7,49,firm64,12852.0,29.0,62
7,50,firm65,10650.0,0.0,10
7,51,firm66,7542.0,0.0,39
7,52,firm67,1268.0,0.0,36
7,53,firm68,144.0,27.0,2
7,54,firm69,1280.0,0.0,5
7,55,firm70,6294.0,0.0,72
7,56,firm71,10500.0,3111.0,38
7,57,firm72,9018.0,36.0,43
7,58,firm74,4228.0,1123.0,37
7,59,firm76,52.0,0.0,5
7,60,firm78,6446.0,2871.0,34
7,61,firm79,18277.0,2002.0,27
7,62,firm80,18335.0,4197.0,184
7,63,firm81,7417.0,1437.0,50
7,64,firm82,0.0,63.0,3
7,65,firm83,897.0,0.0,15
7,66,firm85,399.0,34.0,36
7,67,firm87,0.0,0.0,4
7,68,firm88,90.0,0.0,1
7,69,firm91,0.0,0.0,12
7,70,firm92,0.0,0.0,14
7,71,firm93,63.0,0.0,25
7,72,firm95,19.0,0.0,18
7,73,firm96,806.0,0.0,36
7,74,firm97,1008.0,0.0,5
7,75,firm98,15.0,0.0,14
7,76,firm99,260.0,16.0,7
7,77,firm100,64.0,0.0,13
7,78,firm101,0.0,0.0,2
7,79,firm103,96.0,0.0,18
7,80,firm106,1530.0,0.0,37
7,81,firm107,0.0,0.0,53
7,82,firm108,3218.0,0.0,116
7,83,firm109,0.0,0.0,45
7,84,firm110,0.0,0.0,18
7,85,firm111,0.0,0.0,2
7,86,firm113,681.0,0.0,23
7,87,firm114,80.0,0.0,25
7,88,firm115,0.0,0.0,38
7,89,firm116,0.0,0.0,13
7,90,firm117,132.0,0.0,17
7,91,firm118,108.0,0.0,22
7,92,firm119,0.0,0.0,24
7,93,firm120,0.0,0.0,17
7,94,firm121,0.0,0.0,23
7,95,firm122,0.0,0.0,18
7,96,firm123,17.0,0.0,18
7,97,firm124,0.0,0.0,28
7,98,firm125,0.0,0.0,10
7,99,firm126,0.0,0.0,28
7,100,firm127,0.0,0.0,9
7,101,firm130,4.0,0.0,18
7,102,firm131,0.0,0.0,9
7,103,firm132,0.0,0.0,37
7,104,firm134,0.0,0.0,20
7,105,firm135,0.0,0.0,18
7,106,firm136,0.0,0.0,9
7,107,firm137,0.0,0.0,14
7,108,firm138,0.0,0.0,17
7,109,firm140,0.0,0.0,34
7,110,firm142,0.0,0.0,45
7,111,firm143,0.0,0.0,18
7,112,firm144,0.0,0.0,18
7,113,firm145,0.0,0.0,9
7,114,firm146,0.0,0.0,18
7,115,firm147,0.0,0.0,26
7,116,firm148,0.0,0.0,18
7,117,firm149,0.0,0.0,16
8,0,firm0,0.0,0.0,0
8,1,firm1,108108.0,189478.0,30
8,2,firm2,0.0,28301.0,4
8,3,firm3,13573.0,235829.0,13
8,4,firm4,41664.0,42884.0,6
8,5,firm6,59808.0,23620.0,15
8,6,firm7,39079.0,38104.0,7
8,7,firm11,0.0,10668.0,1
8,8,firm12,0.0,10792.0,1
8,9,firm13,89444.0,79593.0,19
8,10,firm14,27496.0,105490.0,17
8,11,firm17,35868.0,9026.0,7
8,12,firm19,158395.0,93814.0,31
8,13,firm22,99960.0,200572.0,16
8,14,firm23,199233.0,139065.0,55
8,15,firm24,28350.0,30865.0,14
8,16,firm26,58218.0,49222.0,19
8,17,firm27,0.0,3322.0,0
8,18,firm28,0.0,20832.0,3
8,19,firm29,0.0,5041.0,2
8,20,firm30,30728.0,9235.0,45
8,21,firm32,4893.0,7580.0,16
8,22,firm33,24.0,0.0,5
8,23,firm34,7268.0,3205.0,16
8,24,firm36,30160.0,7304.0,56
8,25,firm37,18284.0,4509.0,49
8,26,firm38,0.0,0.0,0
8,27,firm39,2834.0,0.0,20
8,28,firm41,120.0,557.0,4
8,29,firm42,14016.0,0.0,6
8,30,firm43,20800.0,8728.0,8
8,31,firm45,4983.0,2669.0,19
8,32,firm46,1226.0,0.0,7
8,33,firm47,2036.0,0.0,3
8,34,firm48,1056.0,120.0,2
8,35,firm49,39780.0,15636.0,61
8,36,firm51,7950.0,3763.0,3
8,37,firm52,4579.0,0.0,20
8,38,firm53,3208.0,0.0,11
8,39,firm54,2552.0,844.0,9
8,40,firm55,8538.0,1486.0,20
8,41,firm56,58718.0,6148.0,25
8,42,firm57,73839.0,17175.0,40
8,43,firm58,5662.0,805.0,14
8,44,firm59,0.0,0.0,1
8,45,firm60,742.0,146.0,48
8,46,firm61,0.0,0.0,2
8,47,firm62,672.0,0.0,14
8,48,firm63,1048.0,1965.0,26
8,49,firm64,4672.0,2429.0,66
8,50,firm65,6033.0,0.0,10
8,51,firm66,8188.0,136.0,44
8,52,firm67,4638.0,23.0,38
8,53,firm68,0.0,0.0,3
8,54,firm69,1728.0,0.0,7
8,55,firm70,13633.0,1423.0,69
8,56,firm71,11340.0,0.0,48
8,57,firm72,4954.0,1167.0,44
8,58,firm74,8672.0,0.0,40
8,59,firm76,52.0,0.0,6
8,60,firm78,11592.0,0.0,39
8,61,firm79,5542.0,2261.0,28
8,62,firm80,13934.0,3396.0,191
8,63,firm81,8855.0,53.0,55
8,64,firm82,48.0,0.0,4
8,65,firm83,736.0,1.0,15
8,66,firm85,1722.0,0.0,44
8,67,firm87,396.0,0.0,4
8,68,firm88,0.0,0.0,1
8,69,firm91,36.0,0.0,12
8,70,firm92,0.0,0.0,16
8,71,firm93,372.0,0.0,30
8,72,firm95,35.0,0.0,20
8,73,firm96,509.0,8.0,37
8,74,firm97,144.0,0.0,6
8,75,firm98,25.0,0.0,17
8,76,firm99,0.0,0.0,8
8,77,firm100,238.0,0.0,13
8,78,firm101,0.0,0.0,3
8,79,firm103,280.0,12.0,21
8,80,firm106,661.0,0.0,43
8,81,firm107,33.0,0.0,56
8,82,firm108,1963.0,437.0,117
8,83,firm109,444.0,0.0,53
8,84,firm110,66.0,0.0,20
8,85,firm111,0.0,0.0,2
8,86,firm113,629.0,0.0,25
8,87,firm114,197.0,20.0,26
8,88,firm115,0.0,0.0,44
8,89,firm116,0.0,0.0,15
8,90,firm117,263.0,0.0,23
8,91,firm118,1788.0,0.0,24
8,92,firm119,0.0,0.0,27
8,93,firm120,0.0,0.0,21
8,94,firm121,16.0,0.0,26
8,95,firm122,0.0,0.0,20
8,96,firm123,22.0,0.0,20
8,97,firm124,0.0,0.0,31
8,98,firm125,0.0,0.0,12
8,99,firm126,0.0,0.0,32
8,100,firm127,0.0,0.0,10
8,101,firm130,11.0,0.0,20
8,102,firm131,5.0,0.0,10
8,103,firm132,0.0,0.0,42
8,104,firm134,6.0,0.0,21
8,105,firm135,0.0,0.0,20
8,106,firm136,0.0,0.0,10
8,107,firm137,72.0,0.0,15
8,108,firm138,0.0,0.0,19
8,109,firm140,222.0,0.0,39
8,110,firm142,75.0,0.0,49
8,111,firm143,0.0,0.0,20
8,112,firm144,0.0,0.0,19
8,113,firm145,0.0,0.0,10
8,114,firm146,0.0,0.0,20
8,115,firm147,0.0,0.0,28
8,116,firm148,0.0,0.0,20
8,117,firm149,0.0,0.0,18
9,0,firm0,0.0,0.0,1
9,1,firm1,91764.0,217098.0,30
9,2,firm2,0.0,52836.0,2
9,3,firm3,47542.0,151263.0,13
9,4,firm4,34848.0,44580.0,6
9,5,firm6,41712.0,31486.0,11
9,6,firm7,17708.0,4863.0,8
9,7,firm11,0.0,11696.0,1
9,8,firm12,5472.0,0.0,3
9,9,firm13,88048.0,120486.0,19
9,10,firm14,23392.0,132026.0,17
9,11,firm17,51978.0,102720.0,7
9,12,firm19,203464.0,107931.0,33
9,13,firm22,150414.0,264168.0,19
9,14,firm23,247118.0,218385.0,60
9,15,firm24,26934.0,24867.0,11
9,16,firm26,64744.0,43375.0,18
9,17,firm27,0.0,0.0,0
9,18,firm28,0.0,17424.0,2
9,19,firm29,11120.0,0.0,4
9,20,firm30,74577.0,6246.0,41
9,21,firm32,17748.0,699.0,14
9,22,firm33,1684.0,0.0,5
9,23,firm34,5860.0,1163.0,16
9,24,firm36,55006.0,7652.0,50
9,25,firm37,24210.0,4679.0,47
9,26,firm38,0.0,0.0,0
9,27,firm39,3134.0,0.0,23
9,28,firm41,2264.0,0.0,5
9,29,firm42,19116.0,2336.0,5
9,30,firm43,7104.0,6048.0,8
9,31,firm45,21750.0,469.0,20
9,32,firm46,9673.0,0.0,7
9,33,firm47,0.0,388.0,5
9,34,firm48,1056.0,0.0,3
9,35,firm49,74403.0,3394.0,68
9,36,firm51,36.0,1578.0,3
9,37,firm52,3805.0,0.0,22
9,38,firm53,11442.0,640.0,11
9,39,firm54,5112.0,0.0,12
9,40,firm55,5824.0,2310.0,16
9,41,firm56,31576.0,14284.0,26
9,42,firm57,31232.0,10247.0,40
9,43,firm58,2598.0,0.0,16
9,44,firm59,0.0,0.0,1
9,45,firm60,1372.0,0.0,53
9,46,firm61,0.0,0.0,2
9,47,firm62,416.0,68.0,16
9,48,firm63,2212.0,76.0,29
9,49,firm64,9885.0,454.0,70
9,50,firm65,4083.0,291.0,10
9,51,firm66,3134.0,1854.0,42
9,52,firm67,3266.0,57.0,39
9,53,firm68,324.0,0.0,4
9,54,firm69,2880.0,640.0,7
9,55,firm70,4674.0,1799.0,40
9,56,firm71,9689.0,2041.0,49
9,57,firm72,2703.0,1090.0,41
9,58,firm74,10240.0,0.0,47
9,59,firm76,419.0,0.0,6
9,60,firm78,6868.0,674.0,39
9,61,firm79,6702.0,110.0,31
9,62,firm80,11061.0,3258.0,190
9,63,firm81,7804.0,1094.0,52
9,64,firm82,332.0,0.0,5
9,65,firm83,0.0,225.0,10
9,66,firm85,2846.0,0.0,48
9,67,firm87,99.0,0.0,5
9,68,firm88,0.0,0.0,1
9,69,firm91,12.0,0.0,13
9,70,firm92,0.0,0.0,21
9,71,firm93,480.0,63.0,29
9,72,firm95,19.0,0.0,18
9,73,firm96,957.0,193.0,40
9,74,firm97,972.0,0.0,8
9,75,firm98,103.0,0.0,17
9,76,firm99,112.0,0.0,9
9,77,firm100,400.0,0.0,13
9,78,firm101,0.0,0.0,4
9,79,firm103,275.0,0.0,22
9,80,firm106,2319.0,0.0,49
9,81,firm107,112.0,0.0,62
9,82,firm108,4287.0,194.0,126
9,83,firm109,837.0,0.0,60
9,84,firm110,24.0,0.0,18
9,85,firm111,0.0,0.0,3
9,86,firm113,585.0,181.0,21
9,87,firm114,112.0,0.0,29
9,88,firm115,261.0,0.0,48
9,89,firm116,877.0,0.0,17
9,90,firm117,315.0,20.0,26
9,91,firm118,373.0,232.0,21
9,92,firm119,36.0,0.0,30
9,93,firm120,162.0,0.0,23
9,94,firm121,3.0,0.0,26
9,95,firm122,0.0,0.0,22
9,96,firm123,39.0,0.0,18
9,97,firm124,192.0,0.0,34
9,98,firm125,0.0,0.0,14
9,99,firm126,369.0,0.0,35
9,100,firm127,0.0,0.0,11
9,101,firm130,2.0,0.0,19
9,102,firm131,11.0,0.0,11
9,103,firm132,0.0,0.0,47
9,104,firm134,48.0,0.0,22
9,105,firm135,0.0,0.0,22
9,106,firm136,0.0,0.0,11
9,107,firm137,0.0,0.0,17
9,108,firm138,39.0,0.0,20
9,109,firm140,249.0,0.0,48
9,110,firm142,56.0,0.0,53
9,111,firm143,0.0,0.0,22
9,112,firm144,204.0,0.0,21
9,113,firm145,0.0,0.0,11
9,114,firm146,0.0,0.0,22
9,115,firm147,632.0,0.0,32
9,116,firm148,0.0,0.0,22
9,117,firm149,0.0,0.0,19
10,0,firm0,0.0,10804.0,0
10,1,firm1,88770.0,289539.0,29
10,2,firm2,0.0,59440.0,5
10,3,firm3,2296.0,82122.0,15
10,4,firm4,0.0,23710.0,6
10,5,firm6,35880.0,28883.0,14
10,6,firm7,80283.0,14476.0,5
10,7,firm11,0.0,42334.0,1
10,8,firm12,0.0,8228.0,3
10,9,firm13,40186.0,126231.0,16
10,10,firm14,84668.0,117050.0,18
10,11,firm17,27156.0,14007.0,5
10,12,firm19,269288.0,199842.0,31
10,13,firm22,153312.0,371576.0,19
10,14,firm23,266803.0,168480.0,69
10,15,firm24,27000.0,37207.0,12
10,16,firm26,29306.0,166272.0,23
10,17,firm27,0.0,0.0,0
10,18,firm28,14696.0,0.0,3
10,19,firm29,20300.0,72.0,4
10,20,firm30,81120.0,14627.0,36
10,21,firm32,12136.0,2776.0,15
10,22,firm33,293.0,0.0,6
10,23,firm34,2760.0,1242.0,19
10,24,firm36,13352.0,9380.0,51
10,25,firm37,54906.0,3758.0,53
10,26,firm38,0.0,0.0,0
10,27,firm39,3796.0,482.0,23
10,28,firm41,1132.0,0.0,5
10,29,firm42,1824.0,3186.0,3
10,30,firm43,91458.0,1184.0,12
10,31,firm45,17848.0,4077.0,15
10,32,firm46,4430.0,1836.0,6
10,33,firm47,0.0,204.0,5
10,34,firm48,860.0,352.0,3
10,35,firm49,120953.0,8394.0,71
10,36,firm51,300.0,0.0,5
10,37,firm52,0.0,861.0,25
10,38,firm53,2528.0,1249.0,7
10,39,firm54,13682.0,852.0,10
10,40,firm55,13876.0,796.0,19
10,41,firm56,77440.0,8804.0,32
10,42,firm57,56401.0,5513.0,46
10,43,firm58,892.0,0.0,19
10,44,firm59,2184.0,0.0,2
10,45,firm60,1511.0,136.0,48
10,46,firm61,0.0,0.0,3
10,47,firm62,1842.0,112.0,15
10,48,firm63,2612.0,127.0,28
10,49,firm64,13096.0,266.0,75
10,50,firm65,976.0,456.0,10
10,51,firm66,810.0,268.0,46
10,52,firm67,1320.0,409.0,38
10,53,firm68,108.0,72.0,2
10,54,firm69,10990.0,64.0,8
10,55,firm70,5699.0,0.0,46
10,56,firm71,8940.0,2852.0,44
10,57,firm72,2361.0,159.0,46
10,58,firm74,3885.0,688.0,46
10,59,firm76,228.0,13.0,5
10,60,firm78,13396.0,200.0,38
10,61,firm79,11668.0,1117.0,35
10,62,firm80,24715.0,2208.0,201
10,63,firm81,14140.0,20.0,57
10,64,firm82,216.0,0.0,7
10,65,firm83,10.0,0.0,11
10,66,firm85,282.0,227.0,43
10,67,firm87,0.0,99.0,5
10,68,firm88,0.0,0.0,1
10,69,firm91,64.0,0.0,14
10,70,firm92,21.0,0.0,26
10,71,firm93,150.0,120.0,29
10,72,firm95,39.0,0.0,20
10,73,firm96,381.0,234.0,41
10,74,firm97,0.0,150.0,8
10,75,firm98,16.0,0.0,18
10,76,firm99,12.0,0.0,10
10,77,firm100,847.0,16.0,12
10,78,firm101,0.0,0.0,6
10,79,firm103,208.0,40.0,22
10,80,firm106,1067.0,589.0,44
10,81,firm107,97.0,0.0,66
10,82,firm108,1041.0,318.0,140
10,83,firm109,156.0,249.0,55
10,84,firm110,1.0,0.0,20
10,85,firm111,60.0,0.0,4
10,86,firm113,339.0,3.0,22
10,87,firm114,235.0,0.0,34
10,88,firm115,459.0,0.0,54
10,89,firm116,272.0,0.0,20
10,90,firm117,538.0,0.0,30
10,91,firm118,241.0,0.0,24
10,92,firm119,19.0,0.0,33
10,93,firm120,264.0,0.0,25
10,94,firm121,27.0,0.0,28
10,95,firm122,0.0,0.0,24
10,96,firm123,45.0,0.0,20
10,97,firm124,100.0,0.0,37
10,98,firm125,36.0,0.0,15
10,99,firm126,33.0,0.0,38
10,100,firm127,0.0,0.0,12
10,101,firm130,1.0,0.0,21
10,102,firm131,8.0,0.0,12
10,103,firm132,144.0,0.0,50
10,104,firm134,46.0,0.0,26
10,105,firm135,0.0,0.0,24
10,106,firm136,0.0,0.0,12
10,107,firm137,118.0,0.0,18
10,108,firm138,52.0,0.0,22
10,109,firm140,238.0,0.0,53
10,110,firm142,95.0,0.0,58
10,111,firm143,0.0,0.0,24
10,112,firm144,336.0,0.0,22
10,113,firm145,0.0,0.0,12
10,114,firm146,0.0,0.0,24
10,115,firm147,260.0,0.0,36
10,116,firm148,0.0,0.0,24
10,117,firm149,72.0,0.0,22
11,0,firm0,0.0,0.0,0
11,1,firm1,98544.0,204982.0,36
11,2,firm2,0.0,133724.0,3
11,3,firm3,78344.0,124753.0,17
11,4,firm4,6446.0,21692.0,7
11,5,firm6,26844.0,68978.0,14
11,6,firm7,101670.0,25389.0,6
11,7,firm11,0.0,39082.0,2
11,8,firm12,0.0,4474.0,5
11,9,firm13,36134.0,76848.0,21
11,10,firm14,78164.0,58237.0,19
11,11,firm17,34518.0,4526.0,7
11,12,firm19,220460.0,115584.0,30
11,13,firm22,140232.0,429571.0,10
11,14,firm23,219401.0,386619.0,63
11,15,firm24,35592.0,41771.0,11
11,16,firm26,132089.0,70521.0,27
11,17,firm27,0.0,0.0,2
11,18,firm28,0.0,2508.0,1
11,19,firm29,12477.0,2224.0,4
11,20,firm30,36336.0,15094.0,38
11,21,firm32,13288.0,1900.0,15
11,22,firm33,1124.0,0.0,7
11,23,firm34,8248.0,826.0,19
11,24,firm36,44877.0,2213.0,57
11,25,firm37,42986.0,9220.0,46
11,26,firm38,0.0,0.0,0
11,27,firm39,7520.0,271.0,24
11,28,firm41,0.0,566.0,4
11,29,firm42,18120.0,304.0,3
11,30,firm43,40694.0,15753.0,10
11,31,firm45,788.0,1628.0,16
11,32,firm46,0.0,838.0,5
11,33,firm47,3180.0,0.0,6
11,34,firm48,6784.0,0.0,4
11,35,firm49,106875.0,9954.0,76
11,36,firm51,13380.0,72.0,7
11,37,firm52,5538.0,0.0,28
11,38,firm53,384.0,440.0,8
11,39,firm54,12382.0,1276.0,8
11,40,firm55,43427.0,64.0,22
11,41,firm56,42612.0,19189.0,32
11,42,firm57,117776.0,11583.0,44
11,43,firm58,5582.0,0.0,21
11,44,firm59,0.0,364.0,2
11,45,firm60,1976.0,72.0,51
11,46,firm61,2432.0,0.0,4
11,47,firm62,8727.0,146.0,17
11,48,firm63,2136.0,0.0,33
11,49,firm64,6245.0,1584.0,78
11,50,firm65,1901.0,0.0,10
11,51,firm66,1848.0,0.0,50
11,52,firm67,2773.0,37.0,40
11,53,firm68,192.0,0.0,3
11,54,firm69,128.0,0.0,9
11,55,firm70,7508.0,911.0,52
11,56,firm71,7536.0,1766.0,44
11,57,firm72,2866.0,134.0,46
11,58,firm74,25840.0,296.0,51
11,59,firm76,56.0,0.0,6
11,60,firm78,4364.0,0.0,43
11,61,firm79,1840.0,1558.0,32
11,62,firm80,19306.0,4595.0,221
11,63,firm81,14383.0,2666.0,42
11,64,firm82,757.0,0.0,8
11,65,firm83,93.0,60.0,12
11,66,firm85,1712.0,0.0,48
11,67,firm87,12.0,0.0,5
11,68,firm88,0.0,0.0,1
11,69,firm91,24.0,4.0,14
11,70,firm92,0.0,1.0,28
11,71,firm93,0.0,0.0,32
11,72,firm95,14.0,0.0,21
11,73,firm96,789.0,42.0,36
11,74,firm97,456.0,0.0,9
11,75,firm98,29.0,0.0,22
11,76,firm99,84.0,0.0,11
11,77,firm100,532.0,42.0,9
11,78,firm101,0.0,0.0,6
11,79,firm103,24.0,5.0,23
11,80,firm106,408.0,0.0,47
11,81,firm107,73.0,0.0,72
11,82,firm108,4251.0,222.0,142
11,83,firm109,207.0,12.0,62
11,84,firm110,31.0,0.0,22
11,85,firm111,0.0,0.0,5
11,86,firm113,760.0,0.0,25
11,87,firm114,113.0,0.0,37
11,88,firm115,243.0,0.0,59
11,89,firm116,128.0,128.0,20
11,90,firm117,271.0,144.0,24
11,91,firm118,331.0,73.0,24
11,92,firm119,21.0,0.0,35
11,93,firm120,100.0,0.0,27
11,94,firm121,4.0,0.0,30
11,95,firm122,7.0,0.0,26
11,96,firm123,2.0,0.0,21
11,97,firm124,80.0,18.0,34
11,98,firm125,2.0,0.0,17
11,99,firm126,170.0,0.0,43
11,100,firm127,26.0,0.0,13
11,101,firm130,18.0,0.0,23
11,102,firm131,4.0,0.0,10
11,103,firm132,0.0,0.0,53
11,104,firm134,24.0,20.0,28
11,105,firm135,14.0,0.0,26
11,106,firm136,4.0,0.0,13
11,107,firm137,30.0,0.0,20
11,108,firm138,15.0,9.0,20
11,109,firm140,87.0,0.0,56
11,110,firm142,69.0,18.0,62
11,111,firm143,0.0,0.0,26
11,112,firm144,126.0,0.0,25
11,113,firm145,0.0,0.0,13
11,114,firm146,17.0,0.0,26
11,115,firm147,534.0,0.0,39
11,116,firm148,22.0,0.0,26
11,117,firm149,10.0,0.0,25
12,0,firm0,0.0,0.0,0
12,1,firm1,96786.0,279940.0,34
12,2,firm2,0.0,44852.0,3
12,3,firm3,75509.0,156451.0,21
12,4,firm4,5128.0,15450.0,7
12,5,firm6,35100.0,31949.0,17
12,6,firm7,42196.0,15820.0,5
12,7,firm11,0.0,31766.0,1
12,8,firm12,21420.0,5850.0,7
12,9,firm13,40956.0,84916.0,21
12,10,firm14,51476.0,102231.0,22
12,11,firm17,33486.0,47381.0,4
12,12,firm19,83995.0,195862.0,31
12,13,firm22,42516.0,128459.0,13
12,14,firm23,179515.0,152386.0,62
12,15,firm24,36990.0,35139.0,13
12,16,firm26,68488.0,97011.0,24
12,17,firm27,0.0,6216.0,0
12,18,firm28,0.0,0.0,4
12,19,firm29,16605.0,6469.0,3
12,20,firm30,42251.0,7670.0,42
12,21,firm32,6996.0,2032.0,13
12,22,firm33,35793.0,8.0,6
12,23,firm34,4456.0,1838.0,17
12,24,firm36,41364.0,7438.0,58
12,25,firm37,45826.0,4293.0,45
12,26,firm38,0.0,0.0,0
12,27,firm39,3610.0,1121.0,20
12,28,firm41,1808.0,0.0,7
12,29,firm42,72.0,3020.0,3
12,30,firm43,140394.0,6172.0,11
12,31,firm45,4443.0,0.0,20
12,32,firm46,13923.0,0.0,6
12,33,firm47,3192.0,0.0,7
12,34,firm48,844.0,860.0,3
12,35,firm49,56134.0,9980.0,68
12,36,firm51,20083.0,2230.0,8
12,37,firm52,9548.0,657.0,32
12,38,firm53,1152.0,0.0,14
12,39,firm54,7272.0,1801.0,6
12,40,firm55,33852.0,5031.0,23
12,41,firm56,49824.0,10561.0,35
12,42,firm57,49487.0,26397.0,34
12,43,firm58,1550.0,1808.0,15
12,44,firm59,918.0,0.0,3
12,45,firm60,3316.0,212.0,48
12,46,firm61,0.0,304.0,5
12,47,firm62,1086.0,105.0,17
12,48,firm63,3046.0,0.0,36
12,49,firm64,15760.0,893.0,78
12,50,firm65,1376.0,1188.0,11
12,51,firm66,5582.0,144.0,55
12,52,firm67,2524.0,241.0,41
12,53,firm68,144.0,0.0,4
12,54,firm69,7720.0,320.0,8
12,55,firm70,5415.0,1749.0,56
12,56,firm71,20750.0,0.0,51
12,57,firm72,5232.0,422.0,50
12,58,firm74,9473.0,2133.0,51
12,59,firm76,312.0,0.0,6
12,60,firm78,9882.0,2336.0,48
12,61,firm79,6439.0,175.0,32
12,62,firm80,16473.0,4148.0,246
12,63,firm81,7466.0,352.0,44
12,64,firm82,1959.0,0.0,9
12,65,firm83,196.0,0.0,15
12,66,firm85,1778.0,142.0,48
12,67,firm87,63.0,0.0,7
12,68,firm88,90.0,0.0,1
12,69,firm91,0.0,8.0,13
12,70,firm92,0.0,0.0,28
12,71,firm93,216.0,0.0,33
12,72,firm95,2.0,0.0,23
12,73,firm96,64.0,196.0,37
12,74,firm97,0.0,0.0,10
12,75,firm98,8.0,0.0,23
12,76,firm99,352.0,0.0,12
12,77,firm100,252.0,0.0,9
12,78,firm101,1.0,0.0,6
12,79,firm103,347.0,0.0,25
12,80,firm106,3347.0,0.0,54
12,81,firm107,253.0,0.0,78
12,82,firm108,4932.0,506.0,140
12,83,firm109,1464.0,4.0,68
12,84,firm110,0.0,0.0,24
12,85,firm111,4.0,0.0,6
12,86,firm113,644.0,199.0,25
12,87,firm114,86.0,0.0,40
12,88,firm115,558.0,0.0,66
12,89,firm116,204.0,8.0,21
12,90,firm117,226.0,0.0,27
12,91,firm118,1332.0,0.0,26
12,92,firm119,0.0,0.0,40
12,93,firm120,94.0,0.0,29
12,94,firm121,6.0,0.0,32
12,95,firm122,0.0,0.0,28
12,96,firm123,9.0,0.0,21
12,97,firm124,44.0,12.0,32
12,98,firm125,0.0,0.0,18
12,99,firm126,543.0,34.0,42
12,100,firm127,0.0,0.0,14
12,101,firm130,43.0,0.0,25
12,102,firm131,12.0,0.0,11
12,103,firm132,15.0,0.0,57
12,104,firm134,92.0,0.0,30
12,105,firm135,15.0,0.0,28
12,106,firm136,3.0,0.0,14
12,107,firm137,18.0,0.0,21
12,108,firm138,12.0,0.0,21
12,109,firm140,390.0,0.0,61
12,110,firm142,148.0,12.0,63
12,111,firm143,10.0,0.0,28
12,112,firm144,20.0,20.0,25
12,113,firm145,0.0,0.0,14
12,114,firm146,11.0,0.0,28
12,115,firm147,181.0,77.0,37
12,116,firm148,7.0,0.0,28
12,117,firm149,0.0,0.0,26
13,0,firm0,0.0,0.0,0
13,1,firm1,95364.0,165827.0,27
13,2,firm2,0.0,21617.0,1
13,3,firm3,20416.0,291964.0,18
13,4,firm4,1552.0,19986.0,6
13,5,firm6,58704.0,61699.0,18
13,6,firm7,31956.0,9220.0,4
13,7,firm11,0.0,22046.0,0
13,8,firm12,9984.0,14042.0,5
13,9,firm13,94248.0,92385.0,28
13,10,firm14,44092.0,112849.0,17
13,11,firm17,35592.0,7133.0,6
13,12,firm19,171463.0,211261.0,33
13,13,firm22,103698.0,281085.0,17
13,14,firm23,284087.0,85275.0,62
13,15,firm24,13794.0,58863.0,8
13,16,firm26,69240.0,57017.0,22
13,17,firm27,0.0,0.0,0
13,18,firm28,10224.0,22966.0,6
13,19,firm29,8990.0,440.0,4
13,20,firm30,28987.0,9886.0,36
13,21,firm32,11064.0,200.0,16
13,22,firm33,2688.0,3454.0,4
13,23,firm34,8834.0,0.0,21
13,24,firm36,46457.0,7089.0,56
13,25,firm37,12931.0,8246.0,46
13,26,firm38,0.0,0.0,0
13,27,firm39,6142.0,182.0,21
13,28,firm41,176.0,16.0,6
13,29,firm42,2328.0,12.0,4
13,30,firm43,61851.0,26182.0,11
13,31,firm45,10641.0,0.0,24
13,32,firm46,10260.0,3025.0,3
13,33,firm47,4752.0,0.0,8
13,34,firm48,4244.0,0.0,3
13,35,firm49,48330.0,6141.0,73
13,36,firm51,34749.0,3589.0,7
13,37,firm52,6838.0,2409.0,25
13,38,firm53,20616.0,384.0,15
13,39,firm54,4728.0,1212.0,6
13,40,firm55,5508.0,4590.0,18
13,41,firm56,25322.0,9102.0,30
13,42,firm57,69826.0,7373.0,37
13,43,firm58,2288.0,223.0,15
13,44,firm59,9576.0,153.0,2
13,45,firm60,2604.0,172.0,49
13,46,firm61,0.0,0.0,5
13,47,firm62,3849.0,0.0,18
13,48,firm63,5792.0,296.0,29
13,49,firm64,17504.0,3584.0,72
13,50,firm65,2168.0,0.0,12
13,51,firm66,5623.0,576.0,53
13,52,firm67,3235.0,183.0,41
13,53,firm68,300.0,36.0,4
13,54,firm69,60.0,1570.0,7
13,55,firm70,6791.0,209.0,63
13,56,firm71,7255.0,7092.0,30
13,57,firm72,2976.0,876.0,38
13,58,firm74,12610.0,1840.0,41
13,59,firm76,902.0,76.0,5
13,60,firm78,19104.0,1720.0,49
13,61,firm79,12146.0,41.0,34
13,62,firm80,25735.0,4017.0,229
13,63,firm81,7402.0,1266.0,44
13,64,firm82,426.0,356.0,6
13,65,firm83,242.0,108.0,17
13,66,firm85,2136.0,150.0,47
13,67,firm87,0.0,15.0,6
13,68,firm88,0.0,30.0,0
13,69,firm91,152.0,0.0,14
13,70,firm92,53.0,0.0,28
13,71,firm93,394.0,0.0,33
13,72,firm95,47.0,0.0,25
13,73,firm96,281.0,4.0,40
13,74,firm97,24.0,0.0,10
13,75,firm98,194.0,0.0,25
13,76,firm99,48.0,0.0,13
13,77,firm100,2434.0,0.0,9
13,78,firm101,1.0,0.0,6
13,79,firm103,1214.0,61.0,25
13,80,firm106,3510.0,481.0,44
13,81,firm107,4123.0,16.0,85
13,82,firm108,3953.0,529.0,130
13,83,firm109,1359.0,276.0,65
13,84,firm110,31.0,0.0,26
13,85,firm111,24.0,0.0,7
13,86,firm113,131.0,0.0,26
13,87,firm114,322.0,0.0,43
13,88,firm115,954.0,165.0,69
13,89,firm116,352.0,0.0,22
13,90,firm117,400.0,0.0,29
13,91,firm118,978.0,60.0,27
13,92,firm119,68.0,0.0,41
13,93,firm120,44.0,0.0,29
13,94,firm121,59.0,0.0,35
13,95,firm122,0.0,0.0,30
13,96,firm123,55.0,0.0,22
13,97,firm124,184.0,21.0,33
13,98,firm125,0.0,0.0,20
13,99,firm126,229.0,0.0,43
13,100,firm127,2.0,0.0,15
13,101,firm130,43.0,0.0,22
13,102,firm131,21.0,0.0,12
13,103,firm132,196.0,0.0,61
13,104,firm134,63.0,0.0,32
13,105,firm135,21.0,0.0,30
13,106,firm136,0.0,0.0,15
13,107,firm137,218.0,0.0,24
13,108,firm138,94.0,0.0,23
13,109,firm140,378.0,0.0,66
13,110,firm142,235.0,0.0,68
13,111,firm143,0.0,0.0,30
13,112,firm144,212.0,0.0,24
13,113,firm145,0.0,0.0,15
13,114,firm146,14.0,0.0,28
13,115,firm147,278.0,0.0,37
13,116,firm148,14.0,0.0,29
13,117,firm149,162.0,0.0,28
14,0,firm0,0.0,0.0,0
14,1,firm1,87816.0,151020.0,25
14,2,firm2,0.0,13124.0,5
14,3,firm3,21850.0,58261.0,18
14,4,firm4,4468.0,43302.0,3
14,5,firm6,45144.0,24777.0,14
14,6,firm7,7812.0,5742.0,6
14,7,firm11,0.0,0.0,1
14,8,firm12,360.0,1664.0,5
14,9,firm13,65264.0,87811.0,26
14,10,firm14,47504.0,98811.0,13
14,11,firm17,0.0,63981.0,6
14,12,firm19,101022.0,170513.0,29
14,13,firm22,103494.0,296285.0,14
14,14,firm23,208160.0,161182.0,49
14,15,firm24,19686.0,3067.0,11
14,16,firm26,73578.0,72208.0,21
14,17,firm27,0.0,0.0,0
14,18,firm28,768.0,7088.0,3
14,19,firm29,2640.0,3321.0,6
14,20,firm30,40936.0,5216.0,45
14,21,firm32,13293.0,1844.0,17
14,22,firm33,0.0,657.0,2
14,23,firm34,5932.0,880.0,22
14,24,firm36,17209.0,8404.0,62
14,25,firm37,25474.0,4410.0,50
14,26,firm38,0.0,0.0,0
14,27,firm39,1828.0,1274.0,18
14,28,firm41,4968.0,44.0,6
14,29,firm42,2304.0,388.0,3
14,30,firm43,48846.0,8691.0,9
14,31,firm45,6062.0,2432.0,23
14,32,firm46,6015.0,2052.0,3
14,33,firm47,3194.0,1231.0,5
14,34,firm48,2532.0,828.0,2
14,35,firm49,45152.0,8065.0,72
14,36,firm51,13488.0,6114.0,6
14,37,firm52,8079.0,1890.0,20
14,38,firm53,2896.0,2480.0,16
14,39,firm54,1544.0,788.0,4
14,40,firm55,24104.0,1824.0,20
14,41,firm56,73568.0,5338.0,32
14,42,firm57,69034.0,6586.0,37
14,43,firm58,1614.0,475.0,12
14,44,firm59,1248.0,1596.0,2
14,45,firm60,1672.0,354.0,47
14,46,firm61,2328.0,0.0,6
14,47,firm62,504.0,1422.0,14
14,48,firm63,1516.0,361.0,29
14,49,firm64,8051.0,1363.0,70
14,50,firm65,3980.0,946.0,9
14,51,firm66,3623.0,772.0,48
14,52,firm67,1100.0,224.0,39
14,53,firm68,336.0,39.0,3
14,54,firm69,5796.0,0.0,8
14,55,firm70,9058.0,975.0,60
14,56,firm71,7192.0,1451.0,30
14,57,firm72,4290.0,60.0,37
14,58,firm74,10926.0,2324.0,43
14,59,firm76,600.0,14.0,4
14,60,firm78,27568.0,1336.0,53
14,61,firm79,9548.0,939.0,33
14,62,firm80,15882.0,4864.0,221
14,63,firm81,14220.0,1530.0,47
14,64,firm82,6.0,72.0,5
14,65,firm83,325.0,0.0,20
14,66,firm85,1825.0,0.0,54
14,67,firm87,0.0,0.0,8
14,68,firm88,0.0,0.0,2
14,69,firm91,152.0,16.0,13
14,70,firm92,24.0,7.0,27
14,71,firm93,966.0,74.0,33
14,72,firm95,103.0,0.0,26
14,73,firm96,152.0,14.0,40
14,74,firm97,1440.0,0.0,11
14,75,firm98,589.0,26.0,22
14,76,firm99,80.0,0.0,15
14,77,firm100,152.0,133.0,5
14,78,firm101,48.0,1.0,5
14,79,firm103,124.0,63.0,26
14,80,firm106,2002.0,256.0,46
14,81,firm107,583.0,95.0,76
14,82,firm108,2960.0,417.0,131
14,83,firm109,1881.0,164.0,60
14,84,firm110,72.0,0.0,27
14,85,firm111,80.0,0.0,7
14,86,firm113,659.0,32.0,26
14,87,firm114,271.0,41.0,45
14,88,firm115,541.0,152.0,66
14,89,firm116,422.0,0.0,24
14,90,firm117,1441.0,54.0,27
14,91,firm118,397.0,260.0,26
14,92,firm119,14.0,0.0,45
14,93,firm120,220.0,0.0,31
14,94,firm121,94.0,4.0,35
14,95,firm122,8.0,0.0,32
14,96,firm123,13.0,0.0,24
14,97,firm124,72.0,19.0,30
14,98,firm125,28.0,0.0,21
14,99,firm126,376.0,11.0,44
14,100,firm127,10.0,0.0,16
14,101,firm130,23.0,0.0,23
14,102,firm131,27.0,0.0,13
14,103,firm132,92.0,0.0,67
14,104,firm134,35.0,24.0,29
14,105,firm135,54.0,0.0,32
14,106,firm136,24.0,0.0,16
14,107,firm137,90.0,40.0,20
14,108,firm138,96.0,7.0,23
14,109,firm140,356.0,84.0,64
14,110,firm142,178.0,77.0,61
14,111,firm143,46.0,0.0,32
14,112,firm144,10.0,0.0,25
14,113,firm145,20.0,0.0,16
14,114,firm146,69.0,0.0,30
14,115,firm147,378.0,0.0,42
14,116,firm148,49.0,0.0,31
14,117,firm149,51.0,23.0,26
15,0,firm0,0.0,0.0,0
15,1,firm1,15552.0,165190.0,22
15,2,firm2,0.0,87078.0,5
15,3,firm3,136640.0,154807.0,23
15,4,firm4,0.0,31782.0,2
15,5,firm6,75804.0,58722.0,16
15,6,firm7,0.0,1116.0,10
15,7,firm11,0.0,552.0,1
15,8,firm12,9516.0,12694.0,5
15,9,firm13,114048.0,100363.0,28
15,10,firm14,1104.0,112702.0,12
15,11,firm17,35886.0,96462.0,10
15,12,firm19,95847.0,138955.0,23
15,13,firm22,53220.0,280952.0,16
15,14,firm23,200504.0,190346.0,55
15,15,firm24,18156.0,31477.0,10
15,16,firm26,56552.0,71922.0,20
15,17,firm27,0.0,0.0,1
15,18,firm28,48468.0,192.0,2
15,19,firm29,23870.0,686.0,6
15,20,firm30,8055.0,8891.0,40
15,21,firm32,96474.0,2727.0,13
15,22,firm33,180.0,0.0,3
15,23,firm34,5323.0,0.0,24
15,24,firm36,24136.0,2431.0,63
15,25,firm37,45980.0,4879.0,54
15,26,firm38,0.0,0.0,0
15,27,firm39,5027.0,0.0,19
15,28,firm41,3460.0,828.0,5
15,29,firm42,36354.0,384.0,2
15,30,firm43,63048.0,396.0,10
15,31,firm45,6149.0,0.0,24
15,32,firm46,0.0,1203.0,2
15,33,firm47,1493.0,400.0,5
15,34,firm48,360.0,844.0,1
15,35,firm49,108479.0,4038.0,85
15,36,firm51,16515.0,2260.0,9
15,37,firm52,6450.0,588.0,21
15,38,firm53,1872.0,731.0,13
15,39,firm54,2054.0,0.0,6
15,40,firm55,3704.0,3716.0,18
15,41,firm56,90906.0,15642.0,27
15,42,firm57,104318.0,20069.0,34
15,43,firm58,1340.0,217.0,12
15,44,firm59,0.0,208.0,3
15,45,firm60,895.0,0.0,54
15,46,firm61,768.0,0.0,7
15,47,firm62,492.0,687.0,14
15,48,firm63,3995.0,9.0,30
15,49,firm64,15276.0,532.0,68
15,50,firm65,100.0,208.0,6
15,51,firm66,5830.0,580.0,44
15,52,firm67,1477.0,0.0,43
15,53,firm68,540.0,0.0,3
15,54,firm69,8280.0,0.0,9
15,55,firm70,11816.0,1853.0,56
15,56,firm71,7124.0,0.0,38
15,57,firm72,2366.0,325.0,37
15,58,firm74,4026.0,1790.0,41
15,59,firm76,16.0,96.0,4
15,60,firm78,4057.0,3797.0,56
15,61,firm79,3300.0,1382.0,31
15,62,firm80,13273.0,3091.0,223
15,63,firm81,6310.0,1712.0,49
15,64,firm82,1302.0,0.0,7
15,65,firm83,0.0,36.0,19
15,66,firm85,1678.0,94.0,58
15,67,firm87,0.0,0.0,8
15,68,firm88,0.0,0.0,2
15,69,firm91,192.0,8.0,13
15,70,firm92,21.0,2.0,28
15,71,firm93,414.0,210.0,26
15,72,firm95,52.0,0.0,21
15,73,firm96,79.0,45.0,40
15,74,firm97,434.0,300.0,10
15,75,firm98,302.0,72.0,22
15,76,firm99,22.0,0.0,16
15,77,firm100,848.0,38.0,5
15,78,firm101,1.0,24.0,4
15,79,firm103,7.0,4.0,27
15,80,firm106,1679.0,284.0,46
15,81,firm107,89.0,15.0,79
15,82,firm108,3505.0,281.0,128
15,83,firm109,2365.0,165.0,66
15,84,firm110,40.0,0.0,25
15,85,firm111,0.0,4.0,6
15,86,firm113,220.0,65.0,24
15,87,firm114,13.0,70.0,40
15,88,firm115,429.0,88.0,64
15,89,firm116,180.0,56.0,24
15,90,firm117,722.0,133.0,24
15,91,firm118,161.0,0.0,27
15,92,firm119,189.0,0.0,48
15,93,firm120,164.0,50.0,29
15,94,firm121,30.0,9.0,31
15,95,firm122,14.0,0.0,31
15,96,firm123,25.0,0.0,26
15,97,firm124,203.0,0.0,32
15,98,firm125,2.0,0.0,19
15,99,firm126,454.0,23.0,45
15,100,firm127,32.0,0.0,17
15,101,firm130,31.0,0.0,25
15,102,firm131,9.0,0.0,12
15,103,firm132,205.0,0.0,67
15,104,firm134,58.0,0.0,28
15,105,firm135,0.0,0.0,28
15,106,firm136,9.0,0.0,15
15,107,firm137,46.0,0.0,22
15,108,firm138,33.0,0.0,24
15,109,firm140,170.0,15.0,62
15,110,firm142,157.0,6.0,63
15,111,firm143,21.0,0.0,33
15,112,firm144,596.0,0.0,27
15,113,firm145,20.0,0.0,15
15,114,firm146,10.0,0.0,26
15,115,firm147,616.0,59.0,39
15,116,firm148,52.0,0.0,31
15,117,firm149,0.0,18.0,27
16,0,firm0,0.0,0.0,0
16,1,firm1,131328.0,169775.0,25
16,2,firm2,0.0,115832.0,2
16,3,firm3,37534.0,196328.0,17
16,4,firm4,0.0,17636.0,4
16,5,firm6,41568.0,39519.0,12
16,6,firm7,42546.0,5176.0,11
16,7,firm11,0.0,29200.0,1
16,8,firm12,4800.0,10404.0,3
16,9,firm13,134152.0,145041.0,21
16,10,firm14,58400.0,110484.0,17
16,11,firm17,65208.0,37619.0,11
16,12,firm19,155043.0,152071.0,22
16,13,firm22,39054.0,234249.0,17
16,14,firm23,240013.0,78283.0,56
16,15,firm24,21516.0,54538.0,7
16,16,firm26,62600.0,114348.0,22
16,17,firm27,0.0,0.0,1
16,18,firm28,0.0,12117.0,2
16,19,firm29,23056.0,2080.0,7
16,20,firm30,49238.0,2250.0,40
16,21,firm32,2566.0,16017.0,16
16,22,firm33,636.0,0.0,3
16,23,firm34,4955.0,3443.0,18
16,24,firm36,37306.0,5085.0,60
16,25,firm37,23737.0,7390.0,47
16,26,firm38,0.0,0.0,0
16,27,firm39,5046.0,29.0,21
16,28,firm41,0.0,52.0,4
16,29,firm42,0.0,6059.0,0
16,30,firm43,104772.0,20421.0,12
16,31,firm45,10130.0,0.0,27
16,32,firm46,19613.0,0.0,4
16,33,firm47,3965.0,0.0,6
16,34,firm48,0.0,72.0,0
16,35,firm49,62414.0,7464.0,91
16,36,firm51,23316.0,2657.0,10
16,37,firm52,8913.0,1069.0,21
16,38,firm53,25278.0,234.0,13
16,39,firm54,4904.0,0.0,8
16,40,firm55,18276.0,764.0,18
16,41,firm56,27056.0,15327.0,22
16,42,firm57,24723.0,20912.0,27
16,43,firm58,1694.0,0.0,14
16,44,firm59,11928.0,0.0,3
16,45,firm60,841.0,354.0,49
16,46,firm61,11210.0,0.0,8
16,47,firm62,315.0,18.0,14
16,48,firm63,744.0,28.0,33
16,49,firm64,8588.0,165.0,70
16,50,firm65,2372.0,100.0,4
16,51,firm66,3203.0,304.0,44
16,52,firm67,2087.0,0.0,47
16,53,firm68,336.0,36.0,3
16,54,firm69,96.0,0.0,11
16,55,firm70,9664.0,708.0,60
16,56,firm71,15449.0,0.0,43
16,57,firm72,1939.0,1225.0,34
16,58,firm74,6302.0,255.0,44
16,59,firm76,0.0,0.0,5
16,60,firm78,10528.0,149.0,57
16,61,firm79,13980.0,343.0,34
16,62,firm80,9974.0,3143.0,200
16,63,firm81,646.0,1552.0,51
16,64,firm82,18.0,414.0,3
16,65,firm83,0.0,0.0,19
16,66,firm85,1610.0,160.0,57
16,67,firm87,93.0,0.0,10
16,68,firm88,435.0,0.0,3
16,69,firm91,36.0,20.0,11
16,70,firm92,18.0,5.0,28
16,71,firm93,240.0,72.0,27
16,72,firm95,53.0,0.0,22
16,73,firm96,138.0,12.0,40
16,74,firm97,314.0,0.0,10
16,75,firm98,52.0,0.0,23
16,76,firm99,185.0,0.0,19
16,77,firm100,848.0,0.0,7
16,78,firm101,0.0,0.0,4
16,79,firm103,696.0,2.0,29
16,80,firm106,1065.0,283.0,44
16,81,firm107,617.0,48.0,78
16,82,firm108,5463.0,363.0,133
16,83,firm109,724.0,441.0,65
16,84,firm110,54.0,0.0,27
16,85,firm111,72.0,0.0,6
16,86,firm113,231.0,17.0,24
16,87,firm114,565.0,0.0,43
16,88,firm115,754.0,36.0,65
16,89,firm116,96.0,12.0,24
16,90,firm117,2021.0,77.0,26
16,91,firm118,306.0,0.0,29
16,92,firm119,280.0,12.0,49
16,93,firm120,144.0,4.0,31
16,94,firm121,36.0,0.0,29
16,95,firm122,21.0,0.0,30
16,96,firm123,7.0,0.0,28
16,97,firm124,150.0,35.0,30
16,98,firm125,26.0,0.0,20
16,99,firm126,234.0,45.0,43
16,100,firm127,24.0,0.0,16
16,101,firm130,12.0,0.0,26
16,102,firm131,2.0,0.0,13
16,103,firm132,50.0,0.0,70
16,104,firm134,30.0,21.0,25
16,105,firm135,34.0,0.0,30
16,106,firm136,10.0,0.0,16
16,107,firm137,226.0,10.0,21
16,108,firm138,25.0,12.0,20
16,109,firm140,334.0,6.0,63
16,110,firm142,66.0,51.0,63
16,111,firm143,34.0,0.0,35
16,112,firm144,119.0,48.0,26
16,113,firm145,0.0,0.0,15
16,114,firm146,57.0,0.0,28
16,115,firm147,245.0,29.0,37
16,116,firm148,38.0,0.0,30
16,117,firm149,94.0,0.0,29
17,0,firm0,0.0,0.0,0
17,1,firm1,135720.0,195405.0,23
17,2,firm2,0.0,21614.0,4
17,3,firm3,49056.0,221387.0,15
17,4,firm4,0.0,20648.0,7
17,5,firm6,48096.0,12532.0,17
17,6,firm7,24896.0,113811.0,6
17,7,firm11,0.0,2308.0,0
17,8,firm12,0.0,8816.0,4
17,9,firm13,38294.0,81022.0,17
17,10,firm14,36564.0,111458.0,16
17,11,firm17,21996.0,28492.0,12
17,12,firm19,38149.0,94823.0,25
17,13,firm22,79800.0,228997.0,19
17,14,firm23,242058.0,116010.0,65
17,15,firm24,16638.0,6572.0,6
17,16,firm26,42098.0,66991.0,21
17,17,firm27,12694.0,0.0,2
17,18,firm28,0.0,0.0,5
17,19,firm29,14930.0,6620.0,6
17,20,firm30,30482.0,8161.0,46
17,21,firm32,9333.0,138.0,17
17,22,firm33,0.0,60.0,4
17,23,firm34,12378.0,1158.0,22
17,24,firm36,27924.0,5294.0,57
17,25,firm37,17984.0,5061.0,45
17,26,firm38,0.0,0.0,0
17,27,firm39,2898.0,668.0,22
17,28,firm41,34.0,0.0,5
17,29,firm42,0.0,0.0,1
17,30,firm43,6168.0,18304.0,17
17,31,firm45,15553.0,2564.0,22
17,32,firm46,4336.0,3489.0,6
17,33,firm47,864.0,543.0,6
17,34,firm48,0.0,0.0,0
17,35,firm49,133954.0,25667.0,84
17,36,firm51,68356.0,4461.0,9
17,37,firm52,4032.0,2168.0,17
17,38,firm53,7780.0,4118.0,9
17,39,firm54,4118.0,772.0,9
17,40,firm55,9792.0,1616.0,16
17,41,firm56,62328.0,8922.0,22
17,42,firm57,72602.0,3851.0,32
17,43,firm58,1752.0,76.0,12
17,44,firm59,30732.0,1988.0,3
17,45,firm60,780.0,176.0,45
17,46,firm61,4246.0,388.0,7
17,47,firm62,1822.0,18.0,14
17,48,firm63,3971.0,0.0,38
17,49,firm64,14429.0,1752.0,69
17,50,firm65,0.0,344.0,4
17,51,firm66,4884.0,411.0,45
17,52,firm67,2624.0,284.0,42
17,53,firm68,660.0,84.0,3
17,54,firm69,5144.0,0.0,12
17,55,firm70,6139.0,1330.0,61
17,56,firm71,12494.0,1686.0,47
17,57,firm72,1562.0,87.0,38
17,58,firm74,8019.0,1273.0,38
17,59,firm76,588.0,0.0,6
17,60,firm78,2071.0,768.0,63
17,61,firm79,14408.0,2682.0,32
17,62,firm80,13476.0,26.0,215
17,63,firm81,13904.0,105.0,55
17,64,firm82,393.0,6.0,4
17,65,firm83,643.0,0.0,22
17,66,firm85,1688.0,207.0,55
17,67,firm87,363.0,0.0,12
17,68,firm88,0.0,0.0,3
17,69,firm91,112.0,0.0,12
17,70,firm92,12.0,0.0,32
17,71,firm93,486.0,0.0,29
17,72,firm95,23.0,0.0,23
17,73,firm96,576.0,0.0,42
17,74,firm97,566.0,36.0,11
17,75,firm98,55.0,3.0,21
17,76,firm99,1.0,24.0,20
17,77,firm100,240.0,212.0,5
17,78,firm101,1.0,0.0,6
17,79,firm103,280.0,210.0,28
17,80,firm106,1463.0,164.0,47
17,81,firm107,1395.0,390.0,80
17,82,firm108,1201.0,340.0,138
17,83,firm109,582.0,426.0,63
17,84,firm110,41.0,0.0,25
17,85,firm111,0.0,20.0,6
17,86,firm113,464.0,0.0,27
17,87,firm114,352.0,30.0,39
17,88,firm115,314.0,75.0,62
17,89,firm116,24.0,0.0,26
17,90,firm117,1767.0,104.0,26
17,91,firm118,158.0,72.0,26
17,92,firm119,115.0,21.0,49
17,93,firm120,0.0,0.0,28
17,94,firm121,47.0,3.0,27
17,95,firm122,23.0,0.0,32
17,96,firm123,58.0,0.0,30
17,97,firm124,66.0,15.0,27
17,98,firm125,8.0,0.0,19
17,99,firm126,65.0,20.0,46
17,100,firm127,16.0,0.0,15
17,101,firm130,4.0,0.0,27
17,102,firm131,6.0,0.0,14
17,103,firm132,45.0,0.0,70
17,104,firm134,48.0,6.0,27
17,105,firm135,18.0,0.0,31
17,106,firm136,20.0,0.0,17
17,107,firm137,158.0,20.0,20
17,108,firm138,15.0,8.0,21
17,109,firm140,448.0,70.0,58
17,110,firm142,219.0,5.0,68
17,111,firm143,15.0,0.0,37
17,112,firm144,108.0,0.0,27
17,113,firm145,39.0,0.0,16
17,114,firm146,48.0,0.0,27
17,115,firm147,72.0,16.0,39
17,116,firm148,31.0,0.0,27
17,117,firm149,0.0,0.0,33
18,0,firm0,0.0,0.0,0
18,1,firm1,30528.0,185692.0,29
18,2,firm2,0.0,56640.0,5
18,3,firm3,11340.0,77202.0,12
18,4,firm4,8536.0,4708.0,10
18,5,firm6,52188.0,19534.0,14
18,6,firm7,13536.0,10412.0,5
18,7,firm11,0.0,0.0,2
18,8,firm12,192.0,8884.0,4
18,9,firm13,28762.0,55815.0,18
18,10,firm14,8788.0,97562.0,14
18,11,firm17,22902.0,31544.0,9
18,12,firm19,181949.0,151222.0,34
18,13,firm22,140070.0,343498.0,16
18,14,firm23,318053.0,210578.0,62
18,15,firm24,21186.0,2773.0,14
18,16,firm26,32497.0,94610.0,21
18,17,firm27,0.0,4232.0,0
18,18,firm28,11438.0,37096.0,8
18,19,firm29,20153.0,1292.0,6
18,20,firm30,25827.0,6584.0,44
18,21,firm32,5704.0,1398.0,16
18,22,firm33,792.0,0.0,4
18,23,firm34,5714.0,3052.0,21
18,24,firm36,69445.0,2093.0,64
18,25,firm37,25534.0,2268.0,51
18,26,firm38,0.0,0.0,0
18,27,firm39,8338.0,388.0,23
18,28,firm41,3112.0,0.0,5
18,29,firm42,0.0,0.0,1
18,30,firm43,48174.0,0.0,24
18,31,firm45,2786.0,1671.0,15
18,32,firm46,44075.0,1084.0,7
18,33,firm47,2265.0,0.0,7
18,34,firm48,0.0,0.0,0
18,35,firm49,40098.0,21022.0,85
18,36,firm51,17616.0,8522.0,9
18,37,firm52,7758.0,0.0,20
18,38,firm53,3627.0,736.0,10
18,39,firm54,3128.0,0.0,10
18,40,firm55,6588.0,0.0,19
18,41,firm56,81660.0,12703.0,26
18,42,firm57,52374.0,10432.0,40
18,43,firm58,2390.0,0.0,14
18,44,firm59,0.0,5122.0,2
18,45,firm60,1007.0,0.0,53
18,46,firm61,0.0,1447.0,5
18,47,firm62,1468.0,251.0,11
18,48,firm63,5681.0,2086.0,37
18,49,firm64,9990.0,4569.0,65
18,50,firm65,0.0,0.0,5
18,51,firm66,1708.0,908.0,47
18,52,firm67,3060.0,211.0,43
18,53,firm68,108.0,132.0,4
18,54,firm69,4120.0,1764.0,6
18,55,firm70,18167.0,157.0,64
18,56,firm71,2268.0,1893.0,48
18,57,firm72,3305.0,54.0,40
18,58,firm74,11605.0,343.0,41
18,59,firm76,376.0,0.0,7
18,60,firm78,14220.0,522.0,55
18,61,firm79,5638.0,2181.0,32
18,62,firm80,18005.0,4580.0,220
18,63,firm81,16246.0,1260.0,49
18,64,firm82,0.0,0.0,5
18,65,firm83,384.0,12.0,23
18,66,firm85,4316.0,73.0,58
18,67,firm87,0.0,72.0,12
18,68,firm88,96.0,0.0,4
18,69,firm91,84.0,0.0,13
18,70,firm92,72.0,0.0,33
18,71,firm93,32.0,135.0,24
18,72,firm95,3.0,0.0,25
18,73,firm96,1076.0,107.0,43
18,74,firm97,852.0,12.0,11
18,75,firm98,218.0,0.0,23
18,76,firm99,77.0,0.0,21
18,77,firm100,90.0,0.0,5
18,78,firm101,184.0,1.0,5
18,79,firm103,126.0,30.0,29
18,80,firm106,1225.0,0.0,52
18,81,firm107,480.0,69.0,78
18,82,firm108,3380.0,0.0,151
18,83,firm109,250.0,128.0,63
18,84,firm110,3.0,0.0,26
18,85,firm111,0.0,0.0,7
18,86,firm113,1421.0,92.0,30
18,87,firm114,154.0,44.0,39
18,88,firm115,144.0,57.0,60
18,89,firm116,248.0,0.0,27
18,90,firm117,494.0,142.0,25
18,91,firm118,325.0,44.0,23
18,92,firm119,0.0,26.0,49
18,93,firm120,292.0,0.0,30
18,94,firm121,40.0,4.0,26
18,95,firm122,46.0,0.0,33
18,96,firm123,40.0,0.0,30
18,97,firm124,40.0,12.0,27
18,98,firm125,83.0,0.0,20
18,99,firm126,352.0,0.0,48
18,100,firm127,4.0,0.0,15
18,101,firm130,2.0,0.0,29
18,102,firm131,10.0,0.0,15
18,103,firm132,100.0,0.0,75
18,104,firm134,3.0,0.0,27
18,105,firm135,63.0,0.0,32
18,106,firm136,16.0,0.0,18
18,107,firm137,32.0,46.0,18
18,108,firm138,38.0,0.0,22
18,109,firm140,185.0,65.0,55
18,110,firm142,30.0,56.0,58
18,111,firm143,48.0,0.0,39
18,112,firm144,93.0,0.0,29
18,113,firm145,0.0,0.0,15
18,114,firm146,45.0,0.0,25
18,115,firm147,500.0,0.0,41
18,116,firm148,26.0,0.0,28
18,117,firm149,37.0,0.0,35
19,0,firm0,0.0,0.0,0
19,1,firm1,43716.0,188692.0,31
19,2,firm2,0.0,104336.0,1
19,3,firm3,17584.0,169460.0,13
19,4,firm4,41216.0,63772.0,6
19,5,firm6,69792.0,14130.0,19
19,6,firm7,144.0,3744.0,6
19,7,firm11,0.0,13166.0,1
19,8,firm12,6144.0,11664.0,4
19,9,firm13,57804.0,74438.0,17
19,10,firm14,16972.0,88387.0,20
19,11,firm17,59436.0,26497.0,6
19,12,firm19,93680.0,209927.0,34
19,13,firm22,97872.0,259765.0,15
19,14,firm23,245630.0,161107.0,51
19,15,firm24,6288.0,35015.0,13
19,16,firm26,67092.0,45819.0,24
19,17,firm27,0.0,0.0,1
19,18,firm28,0.0,32536.0,4
19,19,firm29,30762.0,2612.0,7
19,20,firm30,33971.0,4812.0,44
19,21,firm32,14765.0,1084.0,15
19,22,firm33,28076.0,0.0,5
19,23,firm34,3294.0,0.0,25
19,24,firm36,39573.0,16080.0,57
19,25,firm37,30722.0,8044.0,51
19,26,firm38,0.0,0.0,0
19,27,firm39,2264.0,0.0,26
19,28,firm41,6122.0,0.0,5
19,29,firm42,17352.0,0.0,2
19,30,firm43,91416.0,9344.0,24
19,31,firm45,1579.0,0.0,18
19,32,firm46,21328.0,8815.0,7
19,33,firm47,1232.0,0.0,8
19,34,firm48,0.0,0.0,0
19,35,firm49,129264.0,7140.0,82
19,36,firm51,15576.0,4152.0,8
19,37,firm52,5916.0,0.0,24
19,38,firm53,15051.0,0.0,12
19,39,firm54,6716.0,0.0,11
19,40,firm55,16920.0,1756.0,18
19,41,firm56,76496.0,20187.0,24
19,42,firm57,76713.0,7592.0,48
19,43,firm58,2562.0,184.0,18
19,44,firm59,4464.0,0.0,2
19,45,firm60,342.0,26.0,56
19,46,firm61,744.0,0.0,9
19,47,firm62,960.0,168.0,9
19,48,firm63,2688.0,968.0,39
19,49,firm64,17024.0,896.0,71
19,50,firm65,803.0,0.0,8
19,51,firm66,10080.0,596.0,43
19,52,firm67,1373.0,162.0,44
19,53,firm68,0.0,0.0,4
19,54,firm69,3580.0,0.0,7
19,55,firm70,2978.0,3625.0,51
19,56,firm71,19369.0,0.0,53
19,57,firm72,3546.0,273.0,40
19,58,firm74,9776.0,1152.0,41
19,59,firm76,96.0,72.0,8
19,60,firm78,5935.0,2712.0,53
19,61,firm79,1684.0,636.0,31
19,62,firm80,3843.0,3719.0,246
19,63,firm81,11519.0,1830.0,47
19,64,firm82,1392.0,0.0,6
19,65,firm83,0.0,207.0,15
19,66,firm85,3249.0,0.0,64
19,67,firm87,84.0,0.0,13
19,68,firm88,0.0,0.0,4
19,69,firm91,52.0,28.0,11
19,70,firm92,7.0,8.0,31
19,71,firm93,84.0,0.0,26
19,72,firm95,19.0,0.0,27
19,73,firm96,168.0,110.0,42
19,74,firm97,368.0,0.0,11
19,75,firm98,58.0,4.0,23
19,76,firm99,32.0,1.0,21
19,77,firm100,120.0,0.0,6
19,78,firm101,184.0,0.0,7
19,79,firm103,458.0,0.0,30
19,80,firm106,2839.0,279.0,50
19,81,firm107,142.0,202.0,68
19,82,firm108,4708.0,414.0,135
19,83,firm109,1724.0,34.0,66
19,84,firm110,10.0,0.0,26
19,85,firm111,0.0,0.0,9
19,86,firm113,215.0,70.0,27
19,87,firm114,94.0,22.0,38
19,88,firm115,789.0,0.0,65
19,89,firm116,624.0,35.0,26
19,90,firm117,237.0,7.0,27
19,91,firm118,687.0,0.0,25
19,92,firm119,24.0,0.0,52
19,93,firm120,216.0,22.0,30
19,94,firm121,20.0,2.0,27
19,95,firm122,6.0,0.0,35
19,96,firm123,20.0,0.0,25
19,97,firm124,55.0,12.0,30
19,98,firm125,22.0,0.0,21
19,99,firm126,546.0,25.0,49
19,100,firm127,12.0,0.0,16
19,101,firm130,30.0,0.0,31
19,102,firm131,3.0,0.0,12
19,103,firm132,409.0,0.0,77
19,104,firm134,3.0,0.0,28
19,105,firm135,131.0,0.0,32
19,106,firm136,27.0,0.0,19
19,107,firm137,24.0,0.0,20
19,108,firm138,8.0,0.0,23
19,109,firm140,99.0,36.0,55
19,110,firm142,83.0,12.0,58
19,111,firm143,32.0,0.0,37
19,112,firm144,280.0,20.0,30
19,113,firm145,10.0,0.0,16
19,114,firm146,33.0,0.0,26
19,115,firm147,234.0,8.0,44
19,116,firm148,40.0,0.0,29
19,117,firm149,95.0,0.0,37
