supplier_id,buyer_id,product_id,amount,time
3,5,2,64.0,2
3,17,2,100.0,2
4,0,0,18.0,2
4,5,0,128.0,2
4,6,2,36.0,2
4,26,2,88.0,2
5,4,3,112.0,2
5,26,3,22.0,2
16,4,0,28.0,2
16,5,3,64.0,2
16,23,0,36.0,2
16,47,3,39.0,2
19,6,3,9.0,2
19,43,3,178.0,2
23,0,3,72.0,2
23,6,0,27.0,2
23,17,0,48.0,2
23,17,3,52.0,2
23,22,0,30.0,2
23,22,2,40.0,2
23,22,3,10.0,2
23,23,3,144.0,2
23,26,0,66.0,2
23,33,0,312.0,2
23,33,2,156.0,2
23,33,3,156.0,2
23,43,0,104.0,2
23,43,2,178.0,2
23,47,0,117.0,2
23,47,2,156.0,2
0,22,0,36.0,3
0,22,2,48.0,3
0,43,2,154.0,3
0,47,0,90.0,3
0,64,11,18.0,3
3,5,2,56.0,3
3,17,2,98.0,3
4,0,0,6.0,3
4,4,0,14.0,3
4,5,0,112.0,3
4,26,11,16.0,3
4,43,3,154.0,3
4,47,11,12.0,3
5,4,3,56.0,3
5,40,13,8.0,3
5,60,13,4.0,3
5,67,13,20.0,3
6,29,12,9.0,3
10,17,3,83.0,3
13,47,3,30.0,3
16,5,3,56.0,3
16,23,0,28.0,3
17,26,12,16.0,3
17,40,8,4.0,3
17,47,8,8.0,3
19,6,3,3.0,3
22,67,12,10.0,3
23,0,3,24.0,3
23,6,0,9.0,3
23,6,2,12.0,3
23,17,0,15.0,3
23,22,3,12.0,3
23,23,3,112.0,3
23,29,11,6.0,3
23,33,0,48.0,3
23,33,2,24.0,3
23,33,3,24.0,3
23,33,11,8.0,3
23,36,0,8.0,3
23,36,2,4.0,3
23,36,3,4.0,3
23,40,11,4.0,3
23,43,0,200.0,3
23,47,2,120.0,3
23,60,11,4.0,3
23,63,11,4.0,3
23,67,11,10.0,3
26,33,12,12.0,3
26,40,12,4.0,3
26,63,12,6.0,3
33,26,13,32.0,3
33,33,13,8.0,3
33,63,13,4.0,3
33,64,13,34.0,3
43,26,8,16.0,3
43,29,13,6.0,3
43,64,8,22.0,3
43,67,8,10.0,3
47,47,12,14.0,3
47,60,12,6.0,3
47,64,12,19.0,3
0,22,0,1110.0,4
0,29,2,160.0,4
0,34,0,96.0,4
0,39,0,1971.0,4
0,48,0,64.0,4
0,64,11,6.0,4
3,1,2,528.0,4
3,2,2,1068.0,4
3,3,1,1104.0,4
3,5,2,16.0,4
3,7,1,258.0,4
3,17,2,42.0,4
3,22,2,1480.0,4
3,32,1,264.0,4
3,47,2,1140.0,4
4,0,0,100.0,4
4,5,0,32.0,4
4,8,1,4284.0,4
4,19,0,8.0,4
4,23,2,96.0,4
4,26,2,36.0,4
4,26,3,9.0,4
4,26,11,2.0,4
4,32,0,264.0,4
4,40,0,528.0,4
4,42,0,384.0,4
4,45,1,3276.0,4
4,45,2,3276.0,4
4,47,11,12.0,4
5,4,3,1216.0,4
5,26,13,4.0,4
5,67,13,24.0,4
6,29,12,3.0,4
7,27,1,318.0,4
10,37,2,948.0,4
14,14,4,1316.0,4
14,35,4,160.0,4
14,39,4,1860.0,4
16,4,0,304.0,4
16,5,3,16.0,4
16,18,0,648.0,4
16,35,0,120.0,4
16,40,3,176.0,4
16,44,0,144.0,4
16,47,3,285.0,4
16,48,3,256.0,4
17,26,8,2.0,4
17,26,12,2.0,4
17,33,12,3.0,4
17,40,8,12.0,4
17,47,8,12.0,4
18,18,4,432.0,4
18,42,4,320.0,4
19,6,3,117.0,4
19,43,3,84.0,4
20,11,4,96.0,4
20,25,4,3964.0,4
20,32,4,352.0,4
22,67,12,12.0,4
23,0,3,400.0,4
23,1,1,528.0,4
23,2,1,1068.0,4
23,3,2,1104.0,4
23,6,0,351.0,4
23,6,2,468.0,4
23,7,2,258.0,4
23,8,2,4284.0,4
23,11,0,272.0,4
23,11,3,512.0,4
23,14,0,987.0,4
23,14,1,987.0,4
23,16,0,800.0,4
23,16,3,3200.0,4
23,17,3,42.0,4
23,19,3,32.0,4
23,22,3,370.0,4
23,23,0,646.0,4
23,23,1,96.0,4
23,23,3,2200.0,4
23,25,0,2973.0,4
23,25,1,4188.0,4
23,25,2,1215.0,4
23,26,0,27.0,4
23,27,2,318.0,4
23,29,0,120.0,4
23,29,3,40.0,4
23,29,11,2.0,4
23,33,0,176.0,4
23,33,2,88.0,4
23,33,3,88.0,4
23,33,11,2.0,4
23,34,1,48.0,4
23,34,2,48.0,4
23,34,3,192.0,4
23,35,1,120.0,4
23,37,1,948.0,4
23,39,1,819.0,4
23,40,2,704.0,4
23,40,11,12.0,4
23,42,1,96.0,4
23,43,0,72.0,4
23,43,2,84.0,4
23,44,3,576.0,4
23,47,0,855.0,4
23,67,11,12.0,4
33,64,13,12.0,4
36,33,13,2.0,4
43,29,13,2.0,4
43,47,13,20.0,4
43,64,8,16.0,4
43,67,8,22.0,4
47,40,12,12.0,4
47,47,12,12.0,4
47,64,12,6.0,4
0,6,0,14265.0,5
0,7,2,28664.0,5
0,10,0,198.0,5
0,22,0,66.0,5
0,37,2,37388.0,5
0,39,0,2937.0,5
0,48,3,896.0,5
0,64,11,52.0,5
0,70,11,48.0,5
1,64,7,132.0,5
2,24,7,54.0,5
2,41,7,126.0,5
2,57,7,87.0,5
3,1,1,27940.0,5
3,1,2,27940.0,5
3,2,1,48336.0,5
3,2,2,48336.0,5
3,3,1,32746.0,5
3,12,1,228.0,5
3,13,2,72.0,5
3,17,2,80148.0,5
3,23,1,1540.0,5
3,24,14,72.0,5
3,28,1,22836.0,5
3,32,1,4131.0,5
3,35,14,300.0,5
3,37,14,160.0,5
3,49,14,264.0,5
3,52,14,112.0,5
3,61,14,120.0,5
3,65,14,76.0,5
4,0,0,5727.0,5
4,3,2,32746.0,5
4,8,1,36860.0,5
4,16,0,864.0,5
4,19,0,3660.0,5
4,23,2,1540.0,5
4,26,0,8460.0,5
4,26,2,11280.0,5
4,26,3,2820.0,5
4,26,11,2.0,5
4,27,1,25222.0,5
4,29,0,14760.0,5
4,30,11,44.0,5
4,31,0,276.0,5
4,31,3,1104.0,5
4,32,0,4131.0,5
4,35,1,1152.0,5
4,40,0,1728.0,5
4,41,11,258.0,5
4,42,0,264.0,5
4,44,1,192.0,5
4,47,2,114856.0,5
5,4,3,336.0,5
5,40,13,8.0,5
6,26,12,2.0,5
6,29,12,3.0,5
6,52,12,112.0,5
7,22,2,88.0,5
7,27,14,82.0,5
7,30,14,176.0,5
7,39,1,2937.0,5
7,42,1,48.0,5
8,30,7,132.0,5
8,53,7,819.0,5
8,61,7,120.0,5
10,27,2,25165.0,5
10,43,3,74.0,5
10,45,2,131680.0,5
11,28,10,48.0,5
11,39,9,128.0,5
13,44,3,5824.0,5
14,27,4,76.0,5
14,27,5,82.0,5
14,35,4,1536.0,5
14,39,5,64.0,5
14,56,5,144.0,5
14,57,5,29.0,5
14,68,5,10.0,5
16,4,0,84.0,5
16,9,0,96.0,5
16,9,3,384.0,5
16,10,3,792.0,5
16,13,0,144.0,5
16,23,0,26226.0,5
16,27,0,57.0,5
16,35,0,1152.0,5
16,40,3,576.0,5
16,42,9,512.0,5
16,44,0,1648.0,5
16,47,3,28714.0,5
16,56,9,288.0,5
17,26,8,2.0,5
17,40,8,4.0,5
17,47,8,8.0,5
18,14,4,31376.0,5
18,39,4,3916.0,5
18,56,10,216.0,5
19,6,3,4755.0,5
19,47,11,8.0,5
20,11,4,1296.0,5
20,25,4,3740.0,5
20,28,4,30496.0,5
20,32,4,5508.0,5
20,42,4,208.0,5
22,41,12,360.0,5
22,67,12,10.0,5
23,0,3,22908.0,5
23,6,2,19020.0,5
23,7,1,28664.0,5
23,8,2,36860.0,5
23,11,0,1944.0,5
23,12,2,228.0,5
23,13,3,72.0,5
23,14,0,23532.0,5
23,14,1,23532.0,5
23,16,3,3456.0,5
23,17,0,60075.0,5
23,17,3,20073.0,5
23,19,3,14640.0,5
23,22,3,22.0,5
23,23,3,98744.0,5
23,24,11,18.0,5
23,25,0,2805.0,5
23,25,1,8202.0,5
23,25,2,5397.0,5
23,28,0,22908.0,5
23,29,2,19680.0,5
23,29,3,4920.0,5
23,29,11,2.0,5
23,33,0,144.0,5
23,33,2,72.0,5
23,33,3,72.0,5
23,35,6,96.0,5
23,35,11,96.0,5
23,36,2,54.0,5
23,36,3,54.0,5
23,37,1,37388.0,5
23,37,11,208.0,5
23,40,2,2304.0,5
23,40,11,4.0,5
23,43,0,88.0,5
23,43,2,74.0,5
23,44,2,192.0,5
23,45,1,131680.0,5
23,47,0,86142.0,5
23,48,0,224.0,5
23,52,11,28.0,5
23,60,11,6.0,5
23,65,11,82.0,5
23,67,11,10.0,5
25,35,5,492.0,5
25,42,5,256.0,5
25,53,14,819.0,5
25,54,5,15.0,5
25,62,5,132.0,5
25,62,14,396.0,5
25,70,5,96.0,5
26,60,12,9.0,5
27,54,14,45.0,5
27,57,14,87.0,5
27,64,14,176.0,5
27,68,14,10.0,5
29,67,8,12.0,5
32,49,5,88.0,5
33,26,13,4.0,5
33,60,13,6.0,5
33,64,13,14.0,5
33,67,13,20.0,5
34,70,6,48.0,5
35,61,5,40.0,5
37,41,14,948.0,5
39,42,10,384.0,5
39,53,5,273.0,5
40,30,12,176.0,5
42,28,5,32.0,5
42,39,10,96.0,5
43,47,13,24.0,5
43,64,8,4.0,5
44,35,9,96.0,5
44,70,9,48.0,5
45,49,7,264.0,5
45,52,7,84.0,5
45,54,7,45.0,5
45,62,7,396.0,5
45,65,7,30.0,5
47,24,12,72.0,5
47,37,12,16.0,5
47,40,12,4.0,5
47,47,12,8.0,5
47,64,12,185.0,5
48,28,9,64.0,5
0,10,0,2924.0,6
0,21,2,35088.0,6
0,22,0,45.0,6
0,45,11,2480.0,6
0,48,0,320.0,6
0,64,11,3247.0,6
1,58,7,76.0,6
1,64,7,6909.0,6
2,24,7,6102.0,6
2,41,7,5982.0,6
3,1,2,17664.0,6
3,5,2,56.0,6
3,12,1,11808.0,6
3,13,2,20.0,6
3,17,2,64602.0,6
3,22,2,60.0,6
3,24,14,8136.0,6
3,27,14,1105.0,6
3,32,1,16971.0,6
3,37,14,11520.0,6
3,52,14,4752.0,6
3,61,14,57.0,6
3,65,14,7176.0,6
4,0,0,2242.0,6
4,3,1,26687.0,6
4,5,0,112.0,6
4,8,1,14672.0,6
4,17,3,16200.0,6
4,19,0,252.0,6
4,23,2,1060.0,6
4,26,2,3460.0,6
4,26,3,865.0,6
4,27,1,16132.0,6
4,31,3,2336.0,6
4,32,0,16971.0,6
4,40,0,48984.0,6
4,42,0,216.0,6
4,44,0,252.0,6
4,45,2,108444.0,6
4,47,11,6.0,6
4,58,11,76.0,6
4,60,11,2.0,6
5,4,3,31004.0,6
5,10,3,11696.0,6
6,29,12,3.0,6
6,52,12,4752.0,6
7,30,14,576.0,6
7,35,14,5276.0,6
7,45,1,108444.0,6
7,49,14,22812.0,6
8,30,7,432.0,6
8,38,7,3270.0,6
8,45,7,2480.0,6
8,53,7,2937.0,6
8,57,7,96.0,6
9,39,9,96.0,6
10,7,2,50122.0,6
10,26,11,4.0,6
10,29,3,1780.0,6
10,31,11,192.0,6
10,63,11,2.0,6
11,32,10,408.0,6
11,56,10,240.0,6
12,61,7,57.0,6
13,40,3,16328.0,6
13,67,13,36.0,6
14,14,4,2272.0,6
14,27,4,704.0,6
14,39,4,336.0,6
14,39,5,48.0,6
14,49,5,7604.0,6
14,56,5,160.0,6
14,57,5,32.0,6
16,4,0,7751.0,6
16,5,3,56.0,6
16,9,0,224.0,6
16,9,3,896.0,6
16,13,0,40.0,6
16,16,0,224.0,6
16,23,0,11452.0,6
16,27,0,528.0,6
16,31,0,584.0,6
16,32,9,544.0,6
16,39,0,504.0,6
16,47,3,4562.0,6
16,48,3,1280.0,6
16,56,9,320.0,6
17,26,8,8.0,6
17,40,8,14.0,6
17,41,12,15274.0,6
17,47,8,18.0,6
17,65,12,4191.0,6
18,25,4,36036.0,6
19,6,3,3080.0,6
19,37,11,3384.0,6
19,43,3,68.0,6
19,70,11,276.0,6
20,11,4,672.0,6
20,32,4,22628.0,6
20,42,4,144.0,6
22,26,12,4.0,6
22,67,12,18.0,6
23,0,3,8968.0,6
23,1,1,17664.0,6
23,3,2,26687.0,6
23,6,0,9240.0,6
23,6,2,12320.0,6
23,7,1,50122.0,6
23,8,2,14672.0,6
23,11,0,1232.0,6
23,11,3,896.0,6
23,12,2,11808.0,6
23,13,3,20.0,6
23,14,0,1704.0,6
23,14,1,1704.0,6
23,16,3,896.0,6
23,17,0,48402.0,6
23,19,3,1008.0,6
23,21,1,35088.0,6
23,22,3,15.0,6
23,23,1,1060.0,6
23,23,3,41568.0,6
23,24,11,2034.0,6
23,25,0,27027.0,6
23,25,1,32426.0,6
23,25,2,5399.0,6
23,26,0,2595.0,6
23,27,2,15604.0,6
23,29,0,5232.0,6
23,29,2,7012.0,6
23,29,11,2.0,6
23,30,11,144.0,6
23,33,0,80.0,6
23,33,2,40.0,6
23,33,3,40.0,6
23,35,6,1264.0,6
23,35,11,1648.0,6
23,37,1,8.0,6
23,37,2,8.0,6
23,38,11,2034.0,6
23,40,2,65312.0,6
23,40,11,6.0,6
23,41,11,9732.0,6
23,43,0,112.0,6
23,43,2,68.0,6
23,44,3,1008.0,6
23,47,0,13686.0,6
23,47,2,18248.0,6
23,52,11,1188.0,6
23,59,11,280.0,6
23,65,11,3600.0,6
23,66,11,2460.0,6
23,67,11,18.0,6
23,70,6,276.0,6
24,71,24,18.0,6
25,53,14,2937.0,6
25,62,5,383.0,6
25,66,14,2460.0,6
25,70,5,552.0,6
26,37,12,2808.0,6
26,40,12,6.0,6
26,60,12,3.0,6
26,63,12,3.0,6
27,38,14,8136.0,6
27,45,14,2480.0,6
27,55,18,18.0,6
27,57,14,96.0,6
27,58,14,76.0,6
27,59,14,280.0,6
27,61,5,19.0,6
27,62,14,1149.0,6
27,64,14,12948.0,6
27,69,18,44.0,6
27,73,18,20.0,6
28,28,10,24.0,6
28,35,5,7612.0,6
28,92,19,16.0,6
29,65,12,40.0,6
30,54,24,28.0,6
30,69,24,16.0,6
31,70,9,276.0,6
32,27,5,1105.0,6
32,32,5,272.0,6
33,40,13,12.0,6
33,60,13,2.0,6
33,63,13,2.0,6
33,64,13,20.0,6
35,31,5,384.0,6
35,54,18,40.0,6
35,62,18,49.0,6
35,62,22,18.0,6
35,68,18,36.0,6
35,69,22,24.0,6
35,71,18,39.0,6
35,71,22,6.0,6
35,74,18,116.0,6
35,92,18,20.0,6
36,67,8,18.0,6
37,41,14,37388.0,6
37,54,20,16.0,6
37,68,16,48.0,6
37,69,16,48.0,6
39,53,5,979.0,6
39,54,19,32.0,6
40,30,12,576.0,6
41,57,20,20.0,6
41,62,20,71.0,6
41,68,20,36.0,6
41,69,20,52.0,6
41,71,16,12.0,6
41,71,20,13.0,6
41,84,16,12.0,6
42,28,5,16.0,6
42,39,10,72.0,6
42,74,19,128.0,6
43,29,13,2.0,6
43,40,13,24.0,6
43,47,8,6.0,6
43,47,13,16.0,6
43,67,8,2.0,6
44,31,6,192.0,6
44,35,9,1264.0,6
45,49,7,22812.0,6
45,52,7,3564.0,6
45,59,7,280.0,6
45,62,7,1149.0,6
45,65,7,2655.0,6
45,66,7,2460.0,6
47,24,12,8136.0,6
47,38,12,5304.0,6
47,45,12,4960.0,6
47,47,12,6.0,6
47,58,12,152.0,6
47,64,12,10156.0,6
48,28,9,32.0,6
48,31,9,192.0,6
49,62,21,88.0,6
52,57,24,20.0,6
52,92,24,8.0,6
53,54,21,82.0,6
53,74,21,191.0,6
54,73,21,15.0,6
56,55,19,72.0,6
57,71,21,29.0,6
61,57,21,40.0,6
62,55,21,72.0,6
62,69,21,32.0,6
62,92,21,28.0,6
65,62,16,36.0,6
68,57,18,10.0,6
70,68,22,24.0,6
0,1,2,29256.0,7
0,21,2,65664.0,7
0,22,0,4878.0,7
0,26,11,2.0,7
0,29,11,2.0,7
0,33,3,80.0,7
0,45,11,1496.0,7
0,64,11,742.0,7
1,41,7,3708.0,7
1,64,7,708.0,7
3,2,1,23976.0,7
3,2,2,23976.0,7
3,3,1,29082.0,7
3,5,2,8.0,7
3,17,2,99210.0,7
3,27,14,1924.0,7
3,32,1,25818.0,7
3,37,14,3472.0,7
3,49,14,11199.0,7
3,52,14,3080.0,7
3,58,14,48.0,7
3,65,14,6092.0,7
3,66,14,872.0,7
4,0,0,4036.0,7
4,1,1,29256.0,7
4,5,0,16.0,7
4,8,1,24184.0,7
4,16,0,800.0,7
4,17,0,74403.0,7
4,23,2,1356.0,7
4,26,2,168.0,7
4,26,3,42.0,7
4,27,1,22852.0,7
4,31,0,936.0,7
4,32,0,25818.0,7
4,35,1,624.0,7
4,40,0,13722.0,7
4,40,11,8.0,7
4,41,11,7457.0,7
4,42,0,216.0,7
4,45,2,43796.0,7
4,47,11,14.0,7
4,58,11,48.0,7
4,68,11,224.0,7
5,4,3,37356.0,7
5,26,13,4.0,7
5,67,13,24.0,7
6,52,12,3080.0,7
7,22,2,6504.0,7
7,30,14,11696.0,7
7,41,14,28148.0,7
7,54,14,10278.0,7
8,38,7,1980.0,7
8,45,7,1496.0,7
8,53,7,192.0,7
9,46,9,224.0,7
10,30,11,2924.0,7
11,28,10,240.0,7
11,56,10,96.0,7
11,68,9,224.0,7
12,65,7,2952.0,7
13,22,3,1626.0,7
13,64,13,10.0,7
14,11,4,432.0,7
14,39,4,4464.0,7
14,39,5,48.0,7
14,56,5,64.0,7
14,68,5,456.0,7
15,25,4,19000.0,7
15,35,4,832.0,7
16,4,0,9339.0,7
16,5,3,8.0,7
16,23,0,14049.0,7
16,35,0,624.0,7
16,39,9,96.0,7
16,40,3,4574.0,7
16,43,0,112.0,7
16,44,0,1332.0,7
16,47,3,14938.0,7
16,56,9,128.0,7
17,26,12,2.0,7
17,41,12,10685.0,7
17,59,12,1672.0,7
17,63,12,3.0,7
18,14,4,1440.0,7
19,35,11,252.0,7
19,43,3,80.0,7
20,31,4,624.0,7
20,32,4,34424.0,7
20,42,4,144.0,7
21,30,7,8772.0,7
22,29,12,3.0,7
22,67,12,12.0,7
23,0,3,16144.0,7
23,3,2,29082.0,7
23,7,1,304.0,7
23,7,2,304.0,7
23,8,2,24184.0,7
23,11,0,672.0,7
23,11,3,96.0,7
23,14,0,1080.0,7
23,14,1,1080.0,7
23,16,3,3200.0,7
23,17,3,24807.0,7
23,21,1,65664.0,7
23,23,1,1356.0,7
23,23,3,50772.0,7
23,25,0,14250.0,7
23,25,1,19738.0,7
23,25,2,5488.0,7
23,26,0,126.0,7
23,27,2,22852.0,7
23,29,0,36.0,7
23,29,2,48.0,7
23,29,3,12.0,7
23,33,0,160.0,7
23,33,2,80.0,7
23,33,11,2.0,7
23,35,6,252.0,7
23,37,1,40720.0,7
23,37,2,40720.0,7
23,37,11,910.0,7
23,38,11,2652.0,7
23,39,0,3348.0,7
23,39,1,3348.0,7
23,40,2,18296.0,7
23,43,2,80.0,7
23,44,3,5328.0,7
23,45,1,43796.0,7
23,47,0,44814.0,7
23,47,2,59752.0,7
23,52,11,770.0,7
23,59,11,556.0,7
23,63,11,2.0,7
23,65,11,2524.0,7
23,66,11,872.0,7
23,67,11,12.0,7
23,68,6,224.0,7
23,69,11,448.0,7
23,70,6,584.0,7
23,70,11,584.0,7
24,51,24,208.0,7
24,55,24,96.0,7
24,69,24,1730.0,7
25,28,5,160.0,7
25,35,5,3639.0,7
25,35,14,3135.0,7
25,53,14,192.0,7
25,54,5,3426.0,7
25,62,5,616.0,7
25,62,14,1848.0,7
25,69,14,224.0,7
25,70,5,1168.0,7
26,33,12,3.0,7
26,37,12,862.0,7
27,38,14,10608.0,7
27,45,14,1496.0,7
27,46,5,112.0,7
27,53,5,64.0,7
27,55,18,68.0,7
27,57,18,74.0,7
27,59,14,556.0,7
27,64,14,2944.0,7
27,69,18,721.0,7
27,73,18,77.0,7
27,84,18,9.0,7
27,93,18,156.0,7
28,92,19,8.0,7
29,64,8,2.0,7
29,66,12,4920.0,7
30,66,24,144.0,7
31,70,9,584.0,7
31,83,22,96.0,7
32,27,5,1924.0,7
32,49,5,3733.0,7
32,74,19,88.0,7
32,87,19,48.0,7
33,33,13,2.0,7
33,40,13,16.0,7
33,63,13,2.0,7
35,54,18,1923.0,7
35,68,18,207.0,7
35,69,22,6.0,7
35,71,18,624.0,7
35,74,18,802.0,7
35,83,16,600.0,7
35,83,18,144.0,7
35,84,22,6.0,7
35,87,18,96.0,7
35,92,18,34.0,7
35,93,22,104.0,7
37,51,20,208.0,7
37,53,20,38.0,7
37,68,14,8.0,7
37,68,16,616.0,7
37,69,16,68.0,7
38,59,24,208.0,7
38,65,20,342.0,7
38,73,20,582.0,7
38,74,20,20.0,7
38,78,24,140.0,7
38,85,24,396.0,7
38,86,24,288.0,7
38,87,24,42.0,7
38,92,24,16.0,7
39,46,10,168.0,7
39,54,19,24.0,7
40,30,12,11696.0,7
40,38,12,4632.0,7
41,57,20,612.0,7
41,59,20,416.0,7
41,62,20,3020.0,7
41,68,20,207.0,7
41,69,20,1841.0,7
41,71,16,136.0,7
41,71,20,908.0,7
41,71,24,356.0,7
41,72,20,6.0,7
41,72,24,6.0,7
41,74,24,42.0,7
41,86,20,288.0,7
41,93,16,780.0,7
42,39,10,72.0,7
43,26,13,8.0,7
43,29,13,4.0,7
43,47,13,12.0,7
44,35,9,252.0,7
45,49,7,11199.0,7
45,51,23,416.0,7
45,52,7,2310.0,7
45,54,7,10278.0,7
45,58,7,48.0,7
45,59,7,556.0,7
45,62,7,1848.0,7
45,62,23,292.0,7
45,65,23,684.0,7
45,66,7,872.0,7
45,66,23,48.0,7
45,71,23,280.0,7
45,72,23,12.0,7
45,74,23,40.0,7
45,85,23,132.0,7
45,86,23,576.0,7
47,40,12,8.0,7
47,45,12,2992.0,7
47,47,12,15.0,7
47,58,12,96.0,7
47,64,12,1451.0,7
48,28,9,320.0,7
49,54,21,1968.0,7
49,62,21,1993.0,7
49,69,21,2848.0,7
49,71,21,682.0,7
49,73,21,113.0,7
52,53,24,38.0,7
52,54,24,654.0,7
52,57,24,496.0,7
53,57,21,296.0,7
53,74,21,683.0,7
54,97,28,8.0,7
54,103,26,8.0,7
54,108,34,6.0,7
55,79,26,4.0,7
55,82,26,6.0,7
55,102,26,8.0,7
56,55,19,80.0,7
57,92,21,32.0,7
57,104,28,4.0,7
57,108,28,6.0,7
58,53,23,76.0,7
61,53,21,19.0,7
62,55,21,272.0,7
62,79,25,6.0,7
62,81,25,3.0,7
62,87,21,111.0,7
64,50,20,40.0,7
64,55,20,170.0,7
64,59,20,48.0,7
64,62,24,44.0,7
64,64,20,916.0,7
64,65,24,342.0,7
64,74,20,452.0,7
64,78,20,392.0,7
64,83,20,144.0,7
64,85,20,48.0,7
64,86,20,272.0,7
65,62,16,1604.0,7
65,73,24,10.0,7
65,84,20,9.0,7
68,97,25,6.0,7
68,108,25,6.0,7
69,102,25,12.0,7
69,103,28,8.0,7
70,68,22,138.0,7
71,82,25,3.0,7
71,97,34,7.0,7
71,118,28,2.0,7
74,81,26,8.0,7
74,97,26,10.0,7
74,104,26,4.0,7
74,108,26,8.0,7
74,118,26,2.0,7
92,82,34,4.0,7
92,92,26,4.0,7
0,17,2,49172.0,8
0,21,2,9232.0,8
0,39,0,576.0,8
0,45,11,1546.0,8
0,64,11,2490.0,8
1,64,7,7314.0,8
2,24,7,1218.0,8
2,41,7,4776.0,8
3,1,1,23532.0,8
3,2,1,10752.0,8
3,3,1,52370.0,8
3,24,14,1624.0,8
3,27,14,3134.0,8
3,32,1,13950.0,8
3,35,14,1416.0,8
3,37,14,2492.0,8
3,49,14,16416.0,8
3,52,14,2988.0,8
3,58,14,1012.0,8
4,0,0,4291.0,8
4,8,1,26748.0,8
4,14,1,5727.0,8
4,16,0,704.0,8
4,23,2,948.0,8
4,26,2,204.0,8
4,26,3,51.0,8
4,26,11,2.0,8
4,27,1,28443.0,8
4,30,11,76.0,8
4,32,0,14310.0,8
4,33,0,136.0,8
4,40,0,10545.0,8
4,41,11,8239.0,8
4,45,2,88628.0,8
4,47,11,10.0,8
4,58,11,1012.0,8
5,4,3,24160.0,8
5,67,13,4.0,8
7,2,2,10752.0,8
7,22,2,1420.0,8
7,30,14,304.0,8
8,30,7,228.0,8
8,38,7,924.0,8
8,45,7,1546.0,8
8,53,7,3348.0,8
10,6,2,27648.0,8
10,11,3,1120.0,8
10,37,2,36.0,8
11,56,10,216.0,8
11,68,9,24.0,8
14,14,4,7636.0,8
14,27,4,8200.0,8
14,39,4,384.0,8
14,39,5,48.0,8
14,56,5,144.0,8
14,68,5,168.0,8
16,14,0,5727.0,8
16,23,0,10784.0,8
16,27,0,6150.0,8
16,32,9,416.0,8
16,39,9,96.0,8
16,40,3,3515.0,8
16,44,0,860.0,8
16,47,3,11903.0,8
16,56,9,288.0,8
17,26,12,2.0,8
17,40,8,4.0,8
17,41,12,12535.0,8
17,47,8,10.0,8
17,59,12,1128.0,8
17,65,12,11104.0,8
17,66,12,1376.0,8
18,25,4,18892.0,8
19,6,3,6912.0,8
19,43,3,68.0,8
20,11,4,720.0,8
20,32,4,18840.0,8
21,49,7,16416.0,8
22,24,12,1624.0,8
22,67,12,2.0,8
23,0,3,17164.0,8
23,1,2,23532.0,8
23,3,2,52370.0,8
23,4,0,6040.0,8
23,6,0,20736.0,8
23,7,1,1472.0,8
23,7,2,1472.0,8
23,8,2,26748.0,8
23,11,0,1360.0,8
23,16,3,2816.0,8
23,17,0,36879.0,8
23,17,3,12293.0,8
23,21,1,9232.0,8
23,22,0,1065.0,8
23,22,3,355.0,8
23,23,1,948.0,8
23,23,3,39344.0,8
23,24,11,406.0,8
23,25,0,14169.0,8
23,25,1,20944.0,8
23,25,2,6775.0,8
23,26,0,153.0,8
23,27,2,22293.0,8
23,29,0,3624.0,8
23,29,2,4838.0,8
23,29,3,1214.0,8
23,29,11,8.0,8
23,33,2,68.0,8
23,33,3,68.0,8
23,33,11,10.0,8
23,35,6,1332.0,8
23,35,11,1380.0,8
23,37,1,36.0,8
23,37,11,924.0,8
23,38,11,2766.0,8
23,40,2,14060.0,8
23,43,0,136.0,8
23,43,2,68.0,8
23,44,3,3440.0,8
23,45,1,88628.0,8
23,47,0,35709.0,8
23,47,2,47612.0,8
23,52,11,747.0,8
23,59,11,564.0,8
23,60,11,10.0,8
23,63,11,8.0,8
23,65,11,3800.0,8
23,66,11,688.0,8
23,67,11,2.0,8
23,68,6,24.0,8
23,68,11,24.0,8
25,35,5,4056.0,8
25,53,14,3348.0,8
25,54,5,60.0,8
25,62,5,484.0,8
25,62,14,1452.0,8
25,66,14,688.0,8
25,70,5,150.0,8
26,33,12,15.0,8
26,60,12,15.0,8
26,63,12,12.0,8
27,38,14,11064.0,8
27,45,14,1546.0,8
27,54,14,180.0,8
27,54,18,405.0,8
27,55,18,68.0,8
27,64,14,9912.0,8
27,69,18,13.0,8
27,70,14,150.0,8
27,73,18,1090.0,8
27,83,18,168.0,8
27,93,18,180.0,8
28,74,19,80.0,8
29,66,12,1744.0,8
30,54,24,552.0,8
30,62,24,2028.0,8
30,69,24,344.0,8
31,32,10,312.0,8
32,27,5,3134.0,8
32,49,5,5472.0,8
33,33,13,10.0,8
33,60,13,10.0,8
33,63,13,8.0,8
33,64,13,12.0,8
35,32,5,208.0,8
35,62,18,2518.0,8
35,68,18,9.0,8
35,71,18,740.0,8
35,87,18,162.0,8
35,92,18,236.0,8
37,41,14,31276.0,8
37,59,14,564.0,8
37,65,14,8760.0,8
37,68,14,120.0,8
37,68,16,136.0,8
37,69,16,96.0,8
38,59,24,24.0,8
38,65,20,236.0,8
38,73,20,1756.0,8
38,85,24,444.0,8
38,87,24,74.0,8
38,92,24,118.0,8
39,53,5,1116.0,8
39,54,19,24.0,8
40,30,12,304.0,8
40,37,12,580.0,8
40,38,12,3690.0,8
41,52,20,824.0,8
41,57,20,1000.0,8
41,62,20,2519.0,8
41,64,20,204.0,8
41,68,20,9.0,8
41,69,20,465.0,8
41,71,20,1634.0,8
41,86,20,506.0,8
41,88,20,128.0,8
42,39,10,72.0,8
43,26,13,4.0,8
43,29,13,8.0,8
43,47,13,26.0,8
43,64,8,6.0,8
43,67,8,4.0,8
44,35,9,1332.0,8
45,52,7,2241.0,8
45,54,7,180.0,8
45,57,23,128.0,8
45,58,7,1012.0,8
45,59,7,564.0,8
45,62,7,1452.0,8
45,62,23,344.0,8
45,65,7,4812.0,8
45,65,23,472.0,8
45,66,7,688.0,8
45,74,23,104.0,8
45,86,23,192.0,8
45,88,23,256.0,8
46,87,19,56.0,8
47,26,8,2.0,8
47,45,12,3092.0,8
47,47,12,12.0,8
47,58,12,2024.0,8
49,54,21,1175.0,8
49,69,21,16.0,8
49,71,21,732.0,8
49,73,21,1101.0,8
49,74,21,709.0,8
51,75,32,104.0,8
52,57,24,770.0,8
53,57,21,64.0,8
53,74,31,19.0,8
54,62,21,3426.0,8
54,74,34,67.0,8
54,82,34,3.0,8
54,102,26,2.0,8
54,103,26,4.0,8
54,108,34,31.0,8
55,79,26,10.0,8
55,82,26,10.0,8
55,90,28,12.0,8
55,113,28,36.0,8
56,55,19,32.0,8
57,102,28,1.0,8
57,104,28,6.0,8
57,106,28,64.0,8
57,107,29,44.0,8
57,108,28,3.0,8
57,111,29,72.0,8
58,59,23,48.0,8
59,64,23,408.0,8
59,78,23,280.0,8
59,85,23,148.0,8
62,55,21,272.0,8
62,79,28,2.0,8
62,81,28,7.0,8
62,82,28,5.0,8
62,87,21,167.0,8
62,92,21,177.0,8
62,92,28,4.0,8
62,102,28,4.0,8
64,78,20,48.0,8
65,52,20,486.0,8
65,55,20,120.0,8
65,62,16,920.0,8
65,86,20,96.0,8
65,86,32,36.0,8
65,93,20,336.0,8
65,98,32,48.0,8
65,105,32,87.0,8
66,52,23,1216.0,8
66,59,23,416.0,8
66,64,23,828.0,8
66,101,27,48.0,8
68,57,18,8.0,8
68,83,22,112.0,8
68,97,25,9.0,8
68,99,25,60.0,8
69,74,29,19.0,8
69,78,29,82.0,8
69,83,16,224.0,8
69,83,29,1.0,8
69,98,28,12.0,8
69,102,25,3.0,8
69,103,28,4.0,8
69,107,28,176.0,8
69,111,28,288.0,8
69,115,28,232.0,8
70,62,22,286.0,8
70,69,22,6.0,8
71,78,31,70.0,8
71,82,28,2.0,8
71,92,34,15.0,8
71,97,34,50.0,8
71,108,34,3.0,8
72,83,32,3.0,8
73,79,34,4.0,8
73,118,34,1.0,8
74,81,26,2.0,8
74,92,34,2.0,8
74,104,26,6.0,8
74,104,34,2.0,8
74,106,31,10.0,8
74,108,26,4.0,8
74,118,26,10.0,8
83,98,25,48.0,8
84,108,25,3.0,8
85,85,27,96.0,8
85,86,27,36.0,8
86,113,32,144.0,8
87,81,34,1.0,8
87,97,26,12.0,8
87,103,34,2.0,8
87,111,34,18.0,8
92,82,34,8.0,8
92,92,26,2.0,8
0,10,0,444.0,9
0,17,2,72878.0,9
0,21,2,5328.0,9
0,22,0,12.0,9
0,29,0,35826.0,9
0,43,2,30.0,9
0,45,11,1408.0,9
0,48,0,592.0,9
0,59,11,468.0,9
0,64,11,2415.0,9
1,59,7,468.0,9
1,64,7,5415.0,9
2,41,7,2688.0,9
3,1,1,29100.0,9
3,1,2,29100.0,9
3,2,1,86832.0,9
3,2,2,86832.0,9
3,5,2,32.0,9
3,8,1,39900.0,9
3,22,2,16.0,9
3,24,14,1200.0,9
3,27,14,1482.0,9
3,32,1,23850.0,9
3,35,1,1944.0,9
3,35,14,2578.0,9
3,41,14,22092.0,9
3,49,14,13518.0,9
3,52,14,5428.0,9
3,58,14,16.0,9
3,62,14,1704.0,9
3,65,14,4352.0,9
4,0,0,2376.0,9
4,5,0,64.0,9
4,7,2,4380.0,9
4,16,0,1280.0,9
4,19,0,2839.0,9
4,21,1,5328.0,9
4,23,2,1332.0,9
4,26,2,20820.0,9
4,27,1,32508.0,9
4,30,11,368.0,9
4,32,0,23850.0,9
4,40,0,32988.0,9
4,41,11,5656.0,9
4,42,0,3060.0,9
4,45,2,38756.0,9
4,48,3,1184.0,9
4,58,11,16.0,9
5,4,3,31472.0,9
5,16,3,5120.0,9
5,26,3,5205.0,9
6,29,12,12.0,9
6,30,12,1472.0,9
6,52,12,5428.0,9
7,30,14,1472.0,9
7,42,1,1836.0,9
8,30,7,1104.0,9
8,38,7,912.0,9
8,53,7,4671.0,9
10,3,2,37717.0,9
10,37,2,162.0,9
10,44,3,5328.0,9
11,32,10,216.0,9
11,56,9,192.0,9
11,56,10,144.0,9
11,68,9,88.0,9
14,14,4,1736.0,9
14,32,4,31800.0,9
14,35,4,2592.0,9
14,39,4,768.0,9
14,39,5,80.0,9
14,53,5,1557.0,9
14,56,5,96.0,9
14,68,5,176.0,9
16,4,0,7868.0,9
16,5,3,32.0,9
16,9,0,296.0,9
16,9,3,1184.0,9
16,10,3,1776.0,9
16,23,0,15902.0,9
16,32,9,288.0,9
16,35,0,1944.0,9
16,39,9,160.0,9
16,40,3,10996.0,9
16,42,9,256.0,9
16,44,0,1332.0,9
16,47,3,500.0,9
17,26,8,12.0,9
17,40,8,6.0,9
17,41,12,8192.0,9
17,47,8,2.0,9
17,52,12,2988.0,9
17,65,12,3165.0,9
17,67,8,4.0,9
19,6,3,1782.0,9
19,43,3,30.0,9
20,11,4,240.0,9
20,25,4,29288.0,9
20,31,4,96.0,9
20,42,4,3264.0,9
21,24,7,900.0,9
21,45,7,1408.0,9
22,37,12,355.0,9
23,0,3,9504.0,9
23,3,1,37717.0,9
23,6,0,5346.0,9
23,6,2,7128.0,9
23,7,1,4380.0,9
23,8,2,39900.0,9
23,11,0,360.0,9
23,14,0,1302.0,9
23,14,1,1302.0,9
23,17,0,54627.0,9
23,17,3,18251.0,9
23,19,3,11356.0,9
23,22,3,4.0,9
23,23,1,1332.0,9
23,23,3,58280.0,9
23,24,11,300.0,9
23,25,0,21966.0,9
23,25,1,52865.0,9
23,25,2,30899.0,9
23,26,0,15615.0,9
23,27,2,32508.0,9
23,29,2,47768.0,9
23,29,3,11942.0,9
23,29,11,8.0,9
23,31,0,144.0,9
23,33,0,104.0,9
23,33,2,52.0,9
23,33,3,52.0,9
23,33,11,8.0,9
23,35,6,860.0,9
23,35,11,1036.0,9
23,36,0,96.0,9
23,36,2,48.0,9
23,36,3,48.0,9
23,37,1,162.0,9
23,37,11,515.0,9
23,38,11,2603.0,9
23,39,0,1152.0,9
23,40,2,43984.0,9
23,45,1,38756.0,9
23,47,0,1482.0,9
23,47,2,1982.0,9
23,47,11,14.0,9
23,48,1,296.0,9
23,48,2,296.0,9
23,52,11,1357.0,9
23,60,11,18.0,9
23,63,11,8.0,9
23,65,11,2257.0,9
23,66,11,604.0,9
23,68,6,88.0,9
23,68,11,160.0,9
24,51,24,200.0,9
24,55,24,206.0,9
25,35,5,4210.0,9
25,37,14,1500.0,9
25,42,5,128.0,9
25,53,14,4671.0,9
25,66,14,604.0,9
25,70,5,385.0,9
26,33,12,12.0,9
26,60,12,27.0,9
26,63,12,12.0,9
27,27,5,1482.0,9
27,38,14,10412.0,9
27,45,14,1408.0,9
27,55,18,121.0,9
27,59,14,468.0,9
27,62,5,568.0,9
27,62,18,1477.0,9
27,64,14,9620.0,9
27,69,18,72.0,9
27,70,14,385.0,9
27,73,18,1446.0,9
27,83,18,18.0,9
29,29,12,12.0,9
29,66,12,1208.0,9
30,54,24,22.0,9
30,66,24,42.0,9
30,92,24,12.0,9
32,32,5,144.0,9
32,39,10,120.0,9
32,49,5,4506.0,9
32,74,19,80.0,9
32,87,19,24.0,9
33,33,13,8.0,9
33,60,13,18.0,9
33,63,13,8.0,9
35,54,18,35.0,9
35,62,22,516.0,9
35,68,22,92.0,9
35,71,22,20.0,9
35,74,18,1360.0,9
35,83,16,64.0,9
35,93,22,220.0,9
37,54,20,2562.0,9
37,68,14,36.0,9
37,68,16,248.0,9
38,50,24,20.0,9
38,64,20,238.0,9
38,68,20,27.0,9
38,73,20,2032.0,9
38,74,20,188.0,9
38,92,20,160.0,9
39,42,10,192.0,9
39,54,19,24.0,9
40,38,12,3515.0,9
41,52,20,188.0,9
41,52,24,1218.0,9
41,57,20,2162.0,9
41,59,20,16.0,9
41,62,20,2938.0,9
41,68,20,129.0,9
41,69,20,1077.0,9
41,71,16,92.0,9
41,71,20,382.0,9
41,88,20,72.0,9
41,93,16,24.0,9
43,47,13,16.0,9
43,64,8,8.0,9
44,35,9,860.0,9
45,49,7,13518.0,9
45,51,23,400.0,9
45,52,7,4071.0,9
45,58,7,16.0,9
45,62,7,1704.0,9
45,62,23,52.0,9
45,65,7,2244.0,9
45,65,23,704.0,9
45,66,7,604.0,9
45,66,23,14.0,9
45,74,23,376.0,9
47,24,12,1200.0,9
47,45,12,2816.0,9
47,47,12,21.0,9
47,64,12,17644.0,9
49,54,21,62.0,9
49,62,21,3161.0,9
49,69,21,288.0,9
49,71,21,498.0,9
49,73,21,1445.0,9
49,92,21,18.0,9
53,57,21,480.0,9
53,74,21,636.0,9
54,87,21,60.0,9
54,102,26,2.0,9
54,103,26,4.0,9
54,108,34,2.0,9
55,79,26,4.0,9
55,82,26,4.0,9
56,55,19,72.0,9
57,73,29,150.0,9
57,96,29,40.0,9
57,96,31,32.0,9
57,104,28,6.0,9
57,108,28,2.0,9
57,111,29,40.0,9
58,86,23,1012.0,9
59,64,23,476.0,9
59,78,23,20.0,9
59,78,30,116.0,9
59,85,23,68.0,9
62,55,21,484.0,9
62,73,28,456.0,9
62,73,31,91.0,9
62,78,31,50.0,9
62,79,25,15.0,9
62,79,28,5.0,9
62,81,28,7.0,9
62,82,28,4.0,9
62,85,29,24.0,9
62,90,25,48.0,9
62,92,28,2.0,9
62,99,28,22.0,9
62,101,25,24.0,9
62,102,28,1.0,9
62,105,29,29.0,9
62,111,28,160.0,9
62,116,31,18.0,9
64,53,20,46.0,9
64,55,20,34.0,9
64,62,20,1536.0,9
64,64,20,234.0,9
64,78,20,104.0,9
65,55,20,206.0,9
65,62,16,1728.0,9
65,93,20,150.0,9
66,50,23,40.0,9
66,52,23,1448.0,9
66,71,23,72.0,9
68,57,18,120.0,9
68,83,22,12.0,9
69,78,29,50.0,9
69,101,29,18.0,9
69,102,25,3.0,9
69,103,28,4.0,9
69,116,29,18.0,9
69,117,29,26.0,9
70,93,18,150.0,9
71,97,34,5.0,9
71,99,28,28.0,9
74,81,26,6.0,9
74,104,26,6.0,9
74,105,43,1.0,9
74,107,43,18.0,9
74,108,26,2.0,9
74,118,26,6.0,9
78,85,27,24.0,9
78,86,27,20.0,9
78,96,43,22.0,9
78,103,43,28.0,9
78,118,43,20.0,9
83,116,40,1.0,9
85,75,27,64.0,9
85,78,27,16.0,9
85,85,27,24.0,9
85,86,27,44.0,9
87,87,34,25.0,9
87,97,26,14.0,9
87,111,34,12.0,9
92,73,34,59.0,9
93,75,25,52.0,9
98,110,44,12.0,9
107,96,42,36.0,9
107,112,42,8.0,9
111,100,42,12.0,9
111,103,42,36.0,9
111,118,42,24.0,9
0,22,0,1164.0,10
0,26,2,96.0,10
0,31,0,656.0,10
0,36,2,20.0,10
0,39,0,6156.0,10
0,45,11,2376.0,10
0,48,0,328.0,10
1,64,7,7275.0,10
2,24,7,360.0,10
2,41,7,4230.0,10
2,49,7,17118.0,10
3,1,1,1944.0,10
3,1,2,1944.0,10
3,2,1,27876.0,10
3,2,2,27876.0,10
3,3,1,28635.0,10
3,5,2,16.0,10
3,17,2,57760.0,10
3,22,2,1552.0,10
3,24,14,480.0,10
3,27,14,2212.0,10
3,32,1,12366.0,10
3,35,14,2943.0,10
3,37,14,1872.0,10
3,49,14,17118.0,10
3,52,14,1776.0,10
3,61,14,1944.0,10
3,65,14,9372.0,10
4,0,0,4018.0,10
4,8,1,37832.0,10
4,16,0,1664.0,10
4,23,2,800.0,10
4,26,3,24.0,10
4,26,11,2.0,10
4,27,1,23680.0,10
4,28,1,2382.0,10
4,30,11,927.0,10
4,31,3,896.0,10
4,32,0,12366.0,10
4,40,0,13914.0,10
4,41,11,6929.0,10
4,42,0,1344.0,10
4,45,2,68480.0,10
4,47,11,10.0,10
5,4,3,24552.0,10
5,16,3,6656.0,10
5,40,13,8.0,10
5,67,13,8.0,10
6,29,12,6.0,10
6,52,12,1776.0,10
7,30,14,3708.0,10
7,39,1,4428.0,10
7,42,1,768.0,10
7,59,14,672.0,10
8,30,7,2781.0,10
8,38,7,2874.0,10
8,45,7,2376.0,10
8,61,7,1944.0,10
9,70,9,296.0,10
10,52,11,444.0,10
11,56,10,120.0,10
13,23,3,30552.0,10
13,48,3,1312.0,10
14,11,4,672.0,10
14,14,4,3024.0,10
14,27,4,896.0,10
14,39,4,7056.0,10
14,39,5,272.0,10
14,68,5,162.0,10
16,4,0,6138.0,10
16,5,0,32.0,10
16,5,3,16.0,10
16,19,0,852.0,10
16,23,0,8438.0,10
16,27,0,672.0,10
16,32,9,64.0,10
16,39,9,544.0,10
16,40,3,4638.0,10
16,42,9,512.0,10
16,43,0,88.0,10
16,47,3,11599.0,10
16,56,9,160.0,10
17,26,8,6.0,10
17,26,12,2.0,10
17,40,8,8.0,10
17,47,8,6.0,10
17,59,12,2280.0,10
17,64,8,8.0,10
17,65,12,6008.0,10
18,42,4,1408.0,10
19,43,3,68.0,10
19,64,11,2839.0,10
20,25,4,11228.0,10
20,28,4,3176.0,10
20,31,4,288.0,10
20,32,4,16488.0,10
21,52,7,1332.0,10
22,67,12,4.0,10
23,0,3,16072.0,10
23,3,2,28635.0,10
23,6,0,11856.0,10
23,6,2,15808.0,10
23,6,3,3952.0,10
23,7,1,1736.0,10
23,7,2,1736.0,10
23,8,2,37832.0,10
23,11,0,1256.0,10
23,11,3,992.0,10
23,14,0,2268.0,10
23,14,1,2268.0,10
23,17,0,43266.0,10
23,17,3,14494.0,10
23,19,3,3408.0,10
23,22,3,388.0,10
23,23,1,800.0,10
23,24,11,120.0,10
23,25,0,8421.0,10
23,25,1,12961.0,10
23,25,2,4540.0,10
23,26,0,72.0,10
23,27,2,23008.0,10
23,28,0,2382.0,10
23,29,0,672.0,10
23,29,2,896.0,10
23,29,3,224.0,10
23,29,11,4.0,10
23,33,0,168.0,10
23,33,2,84.0,10
23,33,3,84.0,10
23,33,11,4.0,10
23,35,6,1332.0,10
23,35,11,1924.0,10
23,36,0,40.0,10
23,36,3,20.0,10
23,37,1,12968.0,10
23,37,2,12968.0,10
23,37,11,678.0,10
23,38,11,4414.0,10
23,40,2,18552.0,10
23,40,11,4.0,10
23,43,2,68.0,10
23,45,1,68480.0,10
23,47,0,34797.0,10
23,47,2,46396.0,10
23,59,11,672.0,10
23,63,11,6.0,10
23,65,11,4198.0,10
23,66,11,914.0,10
23,67,11,4.0,10
23,70,11,296.0,10
24,51,24,56.0,10
24,55,24,74.0,10
24,66,24,66.0,10
24,78,24,104.0,10
25,35,5,5311.0,10
25,41,14,26652.0,10
25,42,5,256.0,10
25,53,14,1836.0,10
25,54,5,280.0,10
25,56,5,80.0,10
25,62,5,499.0,10
25,62,14,1497.0,10
25,66,14,914.0,10
25,70,5,896.0,10
26,33,12,6.0,10
26,37,12,438.0,10
26,45,12,4752.0,10
26,63,12,9.0,10
27,38,14,17656.0,10
27,45,14,2376.0,10
27,54,14,840.0,10
27,55,18,49.0,10
27,64,14,11332.0,10
27,69,18,85.0,10
27,70,14,304.0,10
27,73,18,1348.0,10
29,64,12,10114.0,10
29,66,12,1828.0,10
30,54,24,36.0,10
30,69,24,332.0,10
31,32,10,48.0,10
32,27,5,2212.0,10
32,32,5,32.0,10
32,49,5,5706.0,10
32,92,19,72.0,10
33,26,13,4.0,10
33,33,13,4.0,10
33,63,13,6.0,10
33,64,13,12.0,10
35,54,18,61.0,10
35,61,5,648.0,10
35,68,18,156.0,10
35,71,18,896.0,10
35,74,18,592.0,10
35,83,16,208.0,10
35,87,18,246.0,10
35,92,18,162.0,10
36,29,13,4.0,10
36,47,13,20.0,10
37,68,14,162.0,10
37,68,16,24.0,10
37,69,16,108.0,10
38,73,20,2110.0,10
38,74,20,54.0,10
38,92,20,490.0,10
39,42,10,384.0,10
39,54,19,40.0,10
40,30,12,3708.0,10
40,38,12,7288.0,10
41,52,24,1084.0,10
41,55,24,120.0,10
41,62,20,2263.0,10
41,64,24,618.0,10
41,71,24,252.0,10
41,84,16,476.0,10
41,86,20,160.0,10
41,86,24,96.0,10
41,88,24,128.0,10
41,93,16,72.0,10
42,39,10,408.0,10
42,53,5,612.0,10
42,74,19,64.0,10
43,67,8,12.0,10
44,35,9,1332.0,10
45,51,23,112.0,10
45,53,7,1836.0,10
45,54,7,840.0,10
45,59,7,672.0,10
45,62,7,1497.0,10
45,62,23,248.0,10
45,65,7,3930.0,10
45,65,23,292.0,10
45,66,7,914.0,10
45,74,23,4.0,10
45,85,23,64.0,10
45,86,23,544.0,10
45,88,23,144.0,10
47,24,12,480.0,10
47,40,12,4.0,10
47,47,12,10.0,10
47,58,12,32.0,10
48,70,6,296.0,10
49,54,21,101.0,10
49,62,21,2450.0,10
49,69,21,208.0,10
49,71,21,330.0,10
49,73,21,1417.0,10
50,117,30,10.0,10
52,57,24,1814.0,10
52,74,24,290.0,10
52,75,27,204.0,10
52,76,27,20.0,10
52,78,27,170.0,10
52,85,30,18.0,10
53,57,21,1060.0,10
53,74,21,497.0,10
54,80,28,17.0,10
54,92,26,4.0,10
54,97,28,56.0,10
54,98,28,53.0,10
54,106,28,360.0,10
54,111,28,24.0,10
54,118,26,2.0,10
55,79,26,6.0,10
55,82,26,12.0,10
55,90,28,16.0,10
55,96,28,32.0,10
55,113,28,12.0,10
56,55,19,48.0,10
62,55,21,196.0,10
62,73,31,13.0,10
62,79,25,6.0,10
62,81,25,3.0,10
62,82,25,9.0,10
62,86,25,40.0,10
62,87,21,180.0,10
62,90,25,64.0,10
62,92,21,192.0,10
62,113,25,192.0,10
64,62,24,1961.0,10
64,64,20,836.0,10
64,65,24,236.0,10
65,54,20,322.0,10
65,62,16,612.0,10
65,65,20,146.0,10
65,71,20,318.0,10
65,88,20,56.0,10
65,93,20,177.0,10
66,52,23,330.0,10
66,66,23,22.0,10
66,73,23,252.0,10
66,117,27,14.0,10
68,83,22,44.0,10
68,91,16,36.0,10
68,97,25,3.0,10
70,57,18,265.0,10
70,83,18,66.0,10
70,91,18,27.0,10
70,93,18,27.0,10
71,76,25,10.0,10
71,97,34,3.0,10
73,104,42,16.0,10
73,104,43,16.0,10
73,107,42,28.0,10
73,111,42,32.0,10
73,111,43,20.0,10
73,113,42,4.0,10
73,114,42,10.0,10
73,116,42,24.0,10
74,81,26,2.0,10
74,103,26,2.0,10
74,104,26,8.0,10
74,108,26,8.0,10
75,100,41,12.0,10
75,114,41,10.0,10
78,96,43,24.0,10
78,103,43,18.0,10
78,106,39,4.0,10
78,116,43,8.0,10
93,75,25,82.0,10
93,99,25,28.0,10
96,117,43,12.0,10
96,118,43,20.0,10
105,110,40,21.0,10
105,113,40,6.0,10
105,117,40,2.0,10
111,95,42,4.0,10
111,118,42,36.0,10
116,107,43,18.0,10
0,8,2,47436.0,11
0,10,0,3659.0,11
0,17,0,28980.0,11
0,17,2,38724.0,11
0,21,2,4832.0,11
0,22,0,13572.0,11
0,35,0,2031.0,11
0,39,0,846.0,11
0,45,11,2150.0,11
0,48,0,512.0,11
0,64,11,1868.0,11
1,64,7,486.0,11
2,24,7,3702.0,11
2,41,7,3267.0,11
3,2,1,24828.0,11
3,2,2,24828.0,11
3,3,1,15694.0,11
3,5,2,48.0,11
3,24,14,4936.0,11
3,27,14,1310.0,11
3,35,14,1444.0,11
3,37,14,1784.0,11
3,49,14,8076.0,11
3,52,14,2216.0,11
3,62,14,1737.0,11
3,65,14,7132.0,11
4,0,0,1208.0,11
4,5,0,96.0,11
4,8,1,47436.0,11
4,16,0,992.0,11
4,21,1,4832.0,11
4,23,2,312.0,11
4,26,3,88.0,11
4,26,11,12.0,11
4,27,1,22284.0,11
4,27,11,208.0,11
4,30,11,434.0,11
4,31,0,1440.0,11
4,32,0,12189.0,11
4,35,1,2031.0,11
4,40,0,14160.0,11
4,41,11,3153.0,11
4,42,0,4341.0,11
4,42,1,4341.0,11
4,47,11,2.0,11
4,65,11,2217.0,11
4,66,11,112.0,11
5,4,3,26296.0,11
5,23,3,20712.0,11
5,67,13,8.0,11
6,30,12,1736.0,11
6,52,12,2216.0,11
7,22,2,18096.0,11
7,30,14,1736.0,11
7,32,1,12189.0,11
8,30,7,1302.0,11
8,38,7,1578.0,11
8,45,7,2150.0,11
8,53,7,4428.0,11
10,6,2,28716.0,11
10,26,2,352.0,11
10,37,2,24005.0,11
10,40,2,18880.0,11
11,56,10,336.0,11
11,68,9,248.0,11
14,14,4,2776.0,11
14,35,4,2708.0,11
14,39,4,744.0,11
14,68,5,756.0,11
15,25,4,6532.0,11
16,4,0,6574.0,11
16,5,3,48.0,11
16,10,3,14636.0,11
16,11,0,528.0,11
16,23,0,5490.0,11
16,32,9,192.0,11
16,39,9,256.0,11
16,40,3,4720.0,11
16,42,9,512.0,11
16,44,0,256.0,11
16,46,9,256.0,11
16,47,3,4626.0,11
16,48,3,1024.0,11
16,56,9,448.0,11
17,26,8,4.0,11
17,26,12,12.0,11
17,40,8,4.0,11
17,41,12,10855.0,11
17,47,8,10.0,11
17,59,12,1472.0,11
17,65,12,6518.0,11
18,42,4,5788.0,11
19,6,3,7179.0,11
19,37,11,852.0,11
19,43,3,52.0,11
20,11,4,144.0,11
20,31,4,960.0,11
20,32,4,16252.0,11
22,37,12,388.0,11
23,0,3,4832.0,11
23,3,2,15694.0,11
23,6,0,21537.0,11
23,7,1,184.0,11
23,7,2,184.0,11
23,11,3,1248.0,11
23,14,0,2082.0,11
23,14,1,2082.0,11
23,16,3,3968.0,11
23,17,3,9744.0,11
23,22,3,4524.0,11
23,23,1,312.0,11
23,24,11,1234.0,11
23,25,0,4899.0,11
23,25,1,8034.0,11
23,25,2,3135.0,11
23,26,0,264.0,11
23,27,2,22284.0,11
23,29,0,7740.0,11
23,29,2,10320.0,11
23,29,3,2580.0,11
23,33,0,224.0,11
23,33,2,112.0,11
23,33,3,112.0,11
23,33,11,2.0,11
23,35,6,328.0,11
23,35,11,328.0,11
23,36,0,56.0,11
23,36,2,28.0,11
23,36,3,28.0,11
23,37,1,24005.0,11
23,38,11,3056.0,11
23,39,1,270.0,11
23,40,11,6.0,11
23,43,0,32.0,11
23,43,2,52.0,11
23,44,3,1024.0,11
23,45,1,48428.0,11
23,45,2,48428.0,11
23,47,0,13878.0,11
23,47,2,18504.0,11
23,48,1,256.0,11
23,48,2,256.0,11
23,52,11,554.0,11
23,59,11,736.0,11
23,60,11,10.0,11
23,63,11,4.0,11
23,67,11,4.0,11
23,68,6,248.0,11
23,68,11,440.0,11
23,70,6,224.0,11
23,70,11,464.0,11
24,55,24,120.0,11
25,35,5,2100.0,11
25,46,5,128.0,11
25,53,14,4428.0,11
25,62,5,579.0,11
25,66,14,112.0,11
26,33,12,3.0,11
26,60,12,15.0,11
26,63,12,6.0,11
27,38,14,12224.0,11
27,45,14,2150.0,11
27,55,18,70.0,11
27,56,5,224.0,11
27,59,14,736.0,11
27,64,14,7432.0,11
27,70,14,466.0,11
27,73,18,1848.0,11
27,83,18,222.0,11
27,93,18,72.0,11
28,70,5,794.0,11
29,66,12,224.0,11
30,66,24,114.0,11
30,69,24,813.0,11
31,32,10,144.0,11
31,70,9,224.0,11
32,27,5,1206.0,11
32,32,5,96.0,11
32,39,5,128.0,11
32,49,5,2692.0,11
32,92,19,16.0,11
33,26,13,24.0,11
33,33,13,2.0,11
33,40,13,12.0,11
33,63,13,4.0,11
35,62,18,2643.0,11
35,62,22,794.0,11
35,68,18,90.0,11
35,68,22,18.0,11
35,69,22,22.0,11
35,71,18,304.0,11
35,71,22,20.0,11
35,91,22,18.0,11
35,92,18,373.0,11
35,93,22,18.0,11
36,60,13,10.0,11
37,41,14,12612.0,11
37,54,20,704.0,11
37,68,14,356.0,11
37,83,20,168.0,11
38,51,24,96.0,11
38,65,20,458.0,11
38,73,20,2456.0,11
38,74,20,240.0,11
38,74,24,188.0,11
38,78,24,84.0,11
38,85,24,396.0,11
38,87,24,96.0,11
38,92,20,256.0,11
38,92,24,172.0,11
39,42,10,384.0,11
39,46,10,192.0,11
39,53,5,1476.0,11
39,54,19,72.0,11
39,87,19,64.0,11
40,38,12,4634.0,11
40,67,12,4.0,11
41,52,20,694.0,11
41,57,20,484.0,11
41,59,20,64.0,11
41,62,20,2845.0,11
41,68,20,192.0,11
41,69,20,1728.0,11
41,71,20,90.0,11
41,86,20,96.0,11
41,88,20,30.0,11
41,91,20,72.0,11
41,93,16,176.0,11
42,39,10,192.0,11
42,42,5,256.0,11
42,74,19,128.0,11
43,29,13,8.0,11
43,64,8,6.0,11
43,64,13,12.0,11
45,49,7,8076.0,11
45,51,23,192.0,11
45,52,7,1662.0,11
45,59,7,736.0,11
45,59,23,64.0,11
45,62,7,1737.0,11
45,62,23,436.0,11
45,65,7,4797.0,11
45,65,23,916.0,11
45,66,7,112.0,11
45,66,23,38.0,11
45,74,23,104.0,11
45,85,23,194.0,11
45,86,23,320.0,11
45,88,23,112.0,11
47,24,12,4936.0,11
47,40,12,6.0,11
47,45,12,4300.0,11
47,47,12,2.0,11
47,64,12,2355.0,11
48,35,9,328.0,11
49,54,21,509.0,11
49,62,21,3109.0,11
49,73,21,2088.0,11
52,57,24,444.0,11
52,76,27,112.0,11
52,78,27,204.0,11
52,78,30,18.0,11
52,85,30,50.0,11
53,71,21,254.0,11
53,74,21,358.0,11
54,55,21,280.0,11
54,97,26,8.0,11
54,98,28,15.0,11
54,102,26,2.0,11
55,79,26,4.0,11
55,79,28,3.0,11
55,82,26,4.0,11
55,90,28,25.0,11
55,96,28,48.0,11
55,103,26,4.0,11
55,113,28,64.0,11
56,55,19,40.0,11
57,73,29,215.0,11
57,83,29,1.0,11
57,104,28,10.0,11
57,106,28,368.0,11
57,107,29,12.0,11
57,108,28,7.0,11
57,111,29,120.0,11
58,59,23,16.0,11
59,64,23,1004.0,11
59,78,23,136.0,11
61,57,21,648.0,11
62,73,28,528.0,11
62,73,31,42.0,11
62,79,28,2.0,11
62,82,28,12.0,11
62,87,21,100.0,11
62,92,21,399.0,11
62,111,31,20.0,11
62,115,28,264.0,11
64,59,24,8.0,11
64,62,24,2086.0,11
64,65,24,498.0,11
64,83,32,48.0,11
64,90,32,48.0,11
64,101,32,156.0,11
64,106,32,57.0,11
65,52,20,232.0,11
65,55,20,158.0,11
65,59,20,24.0,11
65,62,16,480.0,11
65,64,20,194.0,11
65,66,20,32.0,11
65,73,24,475.0,11
65,74,24,410.0,11
65,83,16,240.0,11
65,84,20,357.0,11
65,85,20,24.0,11
65,86,20,232.0,11
65,86,32,44.0,11
65,93,20,204.0,11
65,98,32,56.0,11
65,105,32,18.0,11
66,52,23,914.0,11
66,117,27,22.0,11
68,57,18,162.0,11
68,97,25,3.0,11
68,99,25,40.0,11
69,103,28,6.0,11
69,107,28,112.0,11
69,107,29,16.0,11
69,108,28,6.0,11
70,71,16,120.0,11
71,73,33,192.0,11
71,79,34,2.0,11
71,97,34,1.0,11
71,117,31,18.0,11
74,74,31,52.0,11
74,78,31,43.0,11
74,81,34,5.0,11
74,102,34,8.0,11
74,103,34,4.0,11
74,104,26,2.0,11
74,108,26,10.0,11
74,117,31,26.0,11
74,118,26,4.0,11
75,101,41,16.0,11
75,112,41,14.0,11
78,95,38,10.0,11
78,106,38,4.0,11
78,110,38,16.0,11
78,116,38,2.0,11
78,117,38,4.0,11
85,105,39,2.0,11
85,116,39,2.0,11
85,117,39,4.0,11
86,110,41,18.0,11
86,113,32,48.0,11
87,97,26,6.0,11
88,75,32,64.0,11
92,81,26,8.0,11
92,81,28,5.0,11
92,92,26,10.0,11
96,112,42,8.0,11
113,101,44,11.0,11
113,112,44,11.0,11
113,113,44,4.0,11
113,114,44,10.0,11
117,105,38,2.0,11
117,105,39,2.0,11
0,39,0,648.0,12
0,45,11,1208.0,12
0,48,0,160.0,12
2,24,7,1647.0,12
2,41,7,3270.0,12
2,66,7,1290.0,12
3,1,2,35660.0,12
3,2,1,79680.0,12
3,2,2,79680.0,12
3,3,1,41337.0,12
3,17,2,58106.0,12
3,27,14,1657.0,12
3,30,14,4720.0,12
3,32,1,22869.0,12
3,35,14,999.0,12
3,37,14,552.0,12
3,49,14,7218.0,12
3,65,14,548.0,12
4,0,0,3954.0,12
4,1,1,35660.0,12
4,8,1,40808.0,12
4,16,0,1048.0,12
4,23,2,1452.0,12
4,26,2,4548.0,12
4,26,3,1137.0,12
4,26,11,6.0,12
4,27,1,8238.0,12
4,30,11,1180.0,12
4,31,0,532.0,12
4,32,0,22869.0,12
4,40,0,69243.0,12
4,41,11,5382.0,12
4,42,0,384.0,12
4,45,2,54564.0,12
4,47,11,6.0,12
5,4,3,34148.0,12
5,67,13,24.0,12
6,29,12,12.0,12
6,52,12,184.0,12
6,64,12,6983.0,12
7,6,2,33232.0,12
7,14,1,7230.0,12
7,42,1,240.0,12
7,52,14,184.0,12
8,30,7,3540.0,12
8,38,7,1983.0,12
8,53,7,270.0,12
8,61,7,1071.0,12
8,64,7,4995.0,12
10,25,2,5014.0,12
10,35,11,384.0,12
10,43,2,62.0,12
10,64,11,1985.0,12
10,66,11,1290.0,12
11,56,10,72.0,12
11,68,9,312.0,12
14,39,4,432.0,12
14,56,5,48.0,12
14,68,5,646.0,12
16,4,0,8537.0,12
16,9,0,1452.0,12
16,9,3,5808.0,12
16,23,0,20456.0,12
16,32,9,640.0,12
16,40,3,23081.0,12
16,42,9,256.0,12
16,44,0,64.0,12
16,47,3,8362.0,12
16,48,3,640.0,12
16,56,9,96.0,12
17,26,8,6.0,12
17,26,12,6.0,12
17,40,8,12.0,12
17,41,12,14840.0,12
17,47,8,6.0,12
17,65,12,354.0,12
18,25,4,24712.0,12
18,42,4,416.0,12
19,6,3,8308.0,12
19,31,3,1264.0,12
19,43,3,62.0,12
20,11,4,288.0,12
20,14,4,9640.0,12
20,31,4,144.0,12
20,32,4,30492.0,12
21,45,7,1208.0,12
22,38,12,4512.0,12
22,67,12,12.0,12
23,0,3,15816.0,12
23,3,2,41337.0,12
23,6,0,24924.0,12
23,7,1,26084.0,12
23,7,2,26084.0,12
23,8,2,40808.0,12
23,11,0,432.0,12
23,14,0,7230.0,12
23,16,1,316.0,12
23,16,2,316.0,12
23,16,3,2928.0,12
23,17,0,43539.0,12
23,17,3,14567.0,12
23,23,1,1452.0,12
23,23,3,76016.0,12
23,24,11,549.0,12
23,25,0,18534.0,12
23,25,1,23548.0,12
23,26,0,3411.0,12
23,27,2,8238.0,12
23,29,11,8.0,12
23,33,0,160.0,12
23,33,2,80.0,12
23,33,3,80.0,12
23,33,11,6.0,12
23,37,1,31578.0,12
23,37,2,31578.0,12
23,37,11,572.0,12
23,38,11,2529.0,12
23,40,2,92324.0,12
23,40,11,8.0,12
23,43,0,88.0,12
23,44,3,256.0,12
23,45,1,54564.0,12
23,47,0,25086.0,12
23,47,2,33448.0,12
23,52,11,46.0,12
23,59,11,440.0,12
23,63,11,2.0,12
23,65,11,382.0,12
23,67,11,12.0,12
23,68,6,312.0,12
23,68,11,312.0,12
24,51,24,56.0,12
24,55,24,44.0,12
24,62,24,1134.0,12
25,42,5,128.0,12
25,53,14,270.0,12
25,54,5,828.0,12
25,62,5,525.0,12
25,62,14,1575.0,12
25,66,14,1290.0,12
25,70,5,152.0,12
26,33,12,9.0,12
26,37,12,76.0,12
26,63,12,3.0,12
27,38,14,10116.0,12
27,45,14,1208.0,12
27,54,14,2484.0,12
27,55,18,50.0,12
27,59,14,440.0,12
27,64,14,7884.0,12
27,69,18,188.0,12
27,70,14,152.0,12
27,73,18,890.0,12
27,93,16,104.0,12
27,93,18,78.0,12
29,66,12,2580.0,12
30,54,24,296.0,12
30,66,24,138.0,12
31,32,10,480.0,12
32,27,5,1657.0,12
32,49,5,2406.0,12
32,92,19,48.0,12
33,26,13,12.0,12
33,33,13,6.0,12
33,40,13,16.0,12
33,64,13,22.0,12
35,32,5,320.0,12
35,54,18,271.0,12
35,61,5,357.0,12
35,69,16,112.0,12
35,71,18,90.0,12
35,74,18,756.0,12
35,83,16,96.0,12
35,87,18,140.0,12
36,63,13,2.0,12
36,67,8,4.0,12
37,24,14,2196.0,12
37,41,14,20716.0,12
37,51,20,200.0,12
37,61,14,1071.0,12
37,65,20,352.0,12
37,68,14,22.0,12
37,68,16,108.0,12
37,83,20,18.0,12
37,87,20,192.0,12
38,57,20,608.0,12
38,59,24,32.0,12
38,65,20,298.0,12
38,73,20,1264.0,12
38,85,24,462.0,12
38,87,24,54.0,12
38,92,24,84.0,12
39,42,10,192.0,12
39,53,5,90.0,12
39,54,19,64.0,12
40,30,12,4720.0,12
41,57,20,388.0,12
41,59,20,824.0,12
41,68,20,186.0,12
41,69,20,384.0,12
41,71,20,229.0,12
41,86,20,72.0,12
41,93,16,648.0,12
42,35,5,1447.0,12
42,74,19,128.0,12
43,47,13,18.0,12
43,64,8,2.0,12
44,35,9,256.0,12
45,49,7,7218.0,12
45,52,7,138.0,12
45,54,7,2484.0,12
45,57,23,32.0,12
45,59,7,440.0,12
45,59,23,824.0,12
45,62,7,1575.0,12
45,62,23,404.0,12
45,65,7,252.0,12
45,65,23,324.0,12
45,66,23,46.0,12
45,78,23,48.0,12
45,85,23,220.0,12
45,86,23,192.0,12
45,88,23,60.0,12
46,87,19,64.0,12
47,24,12,2196.0,12
47,40,12,8.0,12
47,45,12,2416.0,12
47,47,12,6.0,12
48,35,6,256.0,12
49,54,21,668.0,12
49,62,21,669.0,12
49,69,21,464.0,12
49,73,21,891.0,12
52,57,24,554.0,12
53,57,21,760.0,12
53,74,21,716.0,12
54,102,26,12.0,12
54,103,26,6.0,12
55,79,26,8.0,12
55,82,26,2.0,12
55,90,28,16.0,12
55,96,28,24.0,12
55,113,28,20.0,12
56,55,19,112.0,12
57,104,28,8.0,12
57,106,28,144.0,12
57,107,29,28.0,12
57,108,28,10.0,12
57,111,29,12.0,12
59,52,23,512.0,12
59,64,23,224.0,12
59,78,30,4.0,12
62,55,21,200.0,12
62,73,28,640.0,12
62,79,25,15.0,12
62,79,28,6.0,12
62,81,25,3.0,12
62,81,28,6.0,12
62,82,25,3.0,12
62,82,28,3.0,12
62,86,25,20.0,12
62,87,21,109.0,12
62,90,25,100.0,12
62,92,21,270.0,12
62,92,28,18.0,12
62,99,28,10.0,12
62,102,28,1.0,12
62,111,28,400.0,12
62,113,25,256.0,12
62,115,28,160.0,12
64,62,24,1651.0,12
64,64,20,210.0,12
64,74,20,34.0,12
64,78,20,40.0,12
65,54,20,16.0,12
65,55,20,32.0,12
65,62,16,388.0,12
65,73,24,630.0,12
65,74,24,354.0,12
65,86,32,112.0,12
65,93,20,486.0,12
65,98,32,8.0,12
65,105,32,129.0,12
66,51,23,112.0,12
66,101,27,20.0,12
66,117,27,18.0,12
68,57,18,188.0,12
68,62,22,124.0,12
68,91,16,96.0,12
68,91,18,72.0,12
68,97,25,9.0,12
69,74,29,1.0,12
69,78,29,157.0,12
69,86,29,24.0,12
69,89,25,8.0,12
69,101,29,16.0,12
69,102,25,3.0,12
69,117,29,48.0,12
70,68,18,102.0,12
70,71,22,60.0,12
70,74,18,304.0,12
70,83,22,148.0,12
70,92,18,244.0,12
70,93,22,52.0,12
71,76,25,10.0,12
71,97,34,4.0,12
73,79,34,32.0,12
73,81,34,7.0,12
73,82,28,7.0,12
73,96,28,16.0,12
73,103,28,6.0,12
73,103,37,32.0,12
73,103,42,28.0,12
73,104,37,16.0,12
73,104,42,8.0,12
73,104,43,20.0,12
73,106,43,16.0,12
73,107,28,112.0,12
73,107,42,32.0,12
73,111,42,32.0,12
73,113,42,4.0,12
73,114,42,12.0,12
73,116,42,16.0,12
73,116,43,13.0,12
73,117,43,31.0,12
73,118,28,44.0,12
73,118,34,12.0,12
74,73,34,48.0,12
74,74,31,26.0,12
74,74,34,141.0,12
74,81,26,8.0,12
74,81,34,4.0,12
74,82,34,2.0,12
74,87,33,100.0,12
74,92,34,1.0,12
74,96,33,60.0,12
74,102,34,4.0,12
74,104,26,8.0,12
74,104,34,6.0,12
74,108,26,14.0,12
74,118,26,2.0,12
75,100,41,4.0,12
75,101,41,4.0,12
75,112,41,8.0,12
75,113,41,4.0,12
75,114,41,12.0,12
78,85,30,70.0,12
78,110,38,6.0,12
78,117,30,28.0,12
83,98,25,56.0,12
85,75,27,28.0,12
85,85,27,68.0,12
85,86,27,20.0,12
85,89,27,16.0,12
85,101,38,10.0,12
85,112,38,6.0,12
86,95,41,10.0,12
86,110,41,12.0,12
87,97,26,16.0,12
87,97,34,12.0,12
87,111,34,36.0,12
90,100,44,12.0,12
91,81,25,9.0,12
92,82,34,30.0,12
92,92,26,4.0,12
92,92,33,40.0,12
92,107,28,24.0,12
93,108,25,9.0,12
101,95,41,20.0,12
101,112,40,18.0,12
101,113,41,4.0,12
107,101,42,4.0,12
107,112,42,8.0,12
107,116,42,16.0,12
111,107,43,20.0,12
113,112,44,8.0,12
113,113,44,4.0,12
0,11,0,1248.0,13
0,22,0,12.0,13
0,26,3,557.0,13
0,39,0,3798.0,13
0,45,11,3110.0,13
0,64,11,844.0,13
1,38,7,4788.0,13
1,59,7,1736.0,13
1,62,7,2391.0,13
2,24,7,960.0,13
2,41,7,3204.0,13
2,49,7,15756.0,13
3,1,1,34288.0,13
3,1,2,34288.0,13
3,2,1,8184.0,13
3,2,2,8184.0,13
3,3,1,42577.0,13
3,17,2,60328.0,13
3,22,2,16.0,13
3,24,14,1280.0,13
3,30,14,4288.0,13
3,32,1,15447.0,13
3,35,14,1861.0,13
3,37,14,4620.0,13
3,49,14,15756.0,13
3,65,14,13532.0,13
4,0,0,4600.0,13
4,6,0,9.0,13
4,8,1,34784.0,13
4,10,0,96.0,13
4,23,2,1032.0,13
4,26,2,2228.0,13
4,27,1,12717.0,13
4,30,11,1072.0,13
4,31,0,144.0,13
4,32,0,15447.0,13
4,35,1,468.0,13
4,36,2,12.0,13
4,40,0,30540.0,13
4,41,11,7453.0,13
4,45,2,87516.0,13
4,47,11,12.0,13
5,4,3,24968.0,13
6,52,12,8308.0,13
7,33,2,96.0,13
7,38,14,17776.0,13
7,52,14,8308.0,13
8,30,7,3216.0,13
8,45,7,3110.0,13
8,53,7,3876.0,13
9,35,9,1452.0,13
10,5,2,16.0,13
11,28,10,120.0,13
11,56,10,24.0,13
14,14,4,368.0,13
14,39,4,5064.0,13
14,39,5,32.0,13
14,53,5,1292.0,13
14,56,5,16.0,13
14,68,5,1070.0,13
15,18,4,144.0,13
15,25,4,25792.0,13
15,35,4,624.0,13
16,4,0,6242.0,13
16,5,0,32.0,13
16,5,3,16.0,13
16,6,3,3.0,13
16,10,3,384.0,13
16,19,0,2.0,13
16,23,0,11928.0,13
16,32,9,96.0,13
16,35,0,468.0,13
16,42,9,288.0,13
16,44,0,792.0,13
16,47,3,13563.0,13
16,56,9,32.0,13
16,70,6,316.0,13
17,26,12,4.0,13
17,59,12,4352.0,13
17,66,12,600.0,13
19,43,3,50.0,13
20,11,4,672.0,13
20,31,4,96.0,13
20,32,4,20596.0,13
23,0,3,18400.0,13
23,3,2,42577.0,13
23,6,2,12.0,13
23,7,1,3984.0,13
23,7,2,3984.0,13
23,8,2,34784.0,13
23,11,3,960.0,13
23,14,0,276.0,13
23,14,1,276.0,13
23,16,0,608.0,13
23,16,3,2432.0,13
23,17,0,45192.0,13
23,17,3,15136.0,13
23,18,0,216.0,13
23,19,3,8.0,13
23,22,3,4.0,13
23,23,1,1032.0,13
23,23,3,43584.0,13
23,24,11,320.0,13
23,25,0,19344.0,13
23,25,1,24439.0,13
23,25,2,5095.0,13
23,26,0,1671.0,13
23,26,11,4.0,13
23,27,2,12717.0,13
23,33,0,192.0,13
23,33,3,96.0,13
23,33,11,4.0,13
23,35,6,1452.0,13
23,35,11,1868.0,13
23,36,3,12.0,13
23,37,1,21996.0,13
23,37,2,21996.0,13
23,37,11,1386.0,13
23,38,11,4444.0,13
23,39,1,3798.0,13
23,40,2,40720.0,13
23,40,3,10180.0,13
23,40,11,4.0,13
23,43,0,88.0,13
23,43,2,50.0,13
23,44,3,3168.0,13
23,45,1,87516.0,13
23,47,0,40689.0,13
23,47,2,54252.0,13
23,52,11,2077.0,13
23,59,11,1736.0,13
23,60,11,2.0,13
23,63,11,4.0,13
23,65,11,3775.0,13
23,66,11,300.0,13
23,68,11,1312.0,13
23,70,11,316.0,13
24,51,24,24.0,13
24,55,24,34.0,13
24,73,24,491.0,13
25,27,14,2323.0,13
25,35,5,4557.0,13
25,42,5,144.0,13
25,62,5,797.0,13
25,62,14,2391.0,13
25,66,14,300.0,13
25,70,5,680.0,13
26,33,12,6.0,13
26,37,12,1122.0,13
26,60,12,3.0,13
26,63,12,6.0,13
27,45,14,3110.0,13
27,55,18,23.0,13
27,59,14,1736.0,13
27,62,18,622.0,13
27,64,14,3344.0,13
27,70,14,48.0,13
27,73,18,836.0,13
27,83,18,48.0,13
27,87,18,110.0,13
27,93,18,18.0,13
30,54,24,172.0,13
30,66,24,720.0,13
30,69,24,288.0,13
31,32,10,72.0,13
31,70,9,316.0,13
32,27,5,2323.0,13
32,32,5,48.0,13
32,49,5,5252.0,13
32,87,19,72.0,13
32,92,19,88.0,13
33,26,13,8.0,13
33,33,13,4.0,13
33,40,13,8.0,13
33,60,13,2.0,13
33,63,13,4.0,13
33,64,13,14.0,13
35,54,18,194.0,13
35,62,18,328.0,13
35,62,22,530.0,13
35,68,18,186.0,13
35,71,18,221.0,13
37,41,14,25976.0,13
37,51,20,56.0,13
37,53,14,3876.0,13
37,54,20,14.0,13
37,68,14,1726.0,13
37,68,16,220.0,13
37,69,16,12.0,13
37,91,20,27.0,13
38,51,20,24.0,13
38,59,24,412.0,13
38,73,20,1348.0,13
38,74,20,244.0,13
38,78,24,52.0,13
38,92,20,656.0,13
39,42,10,216.0,13
40,30,12,4288.0,13
40,38,12,9232.0,13
40,41,12,9561.0,13
41,52,20,902.0,13
41,57,20,1620.0,13
41,59,20,144.0,13
41,62,20,1755.0,13
41,64,24,238.0,13
41,68,20,18.0,13
41,71,20,56.0,13
41,78,20,64.0,13
41,93,16,212.0,13
42,28,5,80.0,13
42,39,10,48.0,13
42,74,19,64.0,13
43,29,13,8.0,13
43,64,13,18.0,13
44,39,9,64.0,13
45,51,23,48.0,13
45,52,7,6231.0,13
45,57,23,8.0,13
45,59,23,144.0,13
45,62,23,264.0,13
45,65,7,7110.0,13
45,65,23,272.0,13
45,66,7,300.0,13
45,66,23,240.0,13
45,74,23,48.0,13
45,85,23,40.0,13
45,86,23,144.0,13
47,24,12,1280.0,13
47,40,12,4.0,13
47,45,12,6220.0,13
47,47,12,13.0,13
47,64,12,845.0,13
48,28,9,160.0,13
49,54,21,272.0,13
49,62,21,2134.0,13
51,75,32,100.0,13
52,53,24,46.0,13
53,57,21,90.0,13
54,73,21,828.0,13
54,97,28,15.0,13
54,98,28,16.0,13
54,102,26,8.0,13
54,103,26,8.0,13
54,108,34,23.0,13
54,111,33,72.0,13
55,79,26,14.0,13
55,82,26,14.0,13
55,82,28,11.0,13
55,90,28,8.0,13
55,113,28,3.0,13
56,55,19,24.0,13
57,73,28,176.0,13
57,74,29,2.0,13
57,104,28,10.0,13
57,107,29,24.0,13
57,108,28,2.0,13
57,111,29,30.0,13
59,78,30,16.0,13
61,53,21,23.0,13
61,71,21,144.0,13
61,74,21,190.0,13
62,55,21,92.0,13
62,73,28,472.0,13
62,73,29,187.0,13
62,79,25,12.0,13
62,79,28,7.0,13
62,81,28,8.0,13
62,87,21,141.0,13
62,92,21,292.0,13
62,92,28,22.0,13
62,99,28,7.0,13
62,102,28,10.0,13
62,105,29,34.0,13
62,106,29,101.0,13
62,111,28,40.0,13
62,115,28,328.0,13
64,62,24,1967.0,13
64,64,20,160.0,13
64,65,24,756.0,13
64,85,20,48.0,13
65,54,20,24.0,13
65,55,20,104.0,13
65,93,20,159.0,13
66,52,23,1290.0,13
66,75,27,28.0,13
66,117,27,18.0,13
68,57,18,22.0,13
68,68,22,124.0,13
68,83,22,32.0,13
70,74,18,152.0,13
71,76,25,14.0,13
71,97,25,12.0,13
73,101,29,18.0,13
73,109,29,97.0,13
73,115,29,90.0,13
73,118,28,2.0,13
74,73,34,27.0,13
74,74,34,88.0,13
74,81,26,12.0,13
74,92,34,2.0,13
74,103,34,3.0,13
74,104,26,10.0,13
74,104,34,4.0,13
74,108,26,4.0,13
74,118,26,6.0,13
78,96,43,12.0,13
78,103,43,10.0,13
78,116,39,2.0,13
78,116,43,9.0,13
78,118,43,12.0,13
83,108,25,6.0,13
85,75,27,48.0,13
85,85,27,38.0,13
85,86,27,44.0,13
85,95,38,6.0,13
85,101,38,4.0,13
85,105,38,4.0,13
85,112,38,6.0,13
85,116,27,16.0,13
85,116,30,12.0,13
85,116,38,2.0,13
85,117,38,2.0,13
86,110,41,12.0,13
86,112,40,24.0,13
86,114,41,8.0,13
87,97,26,16.0,13
87,107,37,25.0,13
87,111,33,48.0,13
87,111,34,3.0,13
92,82,34,13.0,13
92,92,26,12.0,13
93,75,25,24.0,13
98,101,44,4.0,13
98,110,44,10.0,13
101,112,40,12.0,13
107,106,42,28.0,13
111,100,42,18.0,13
111,107,42,56.0,13
111,118,42,32.0,13
117,95,38,4.0,13
117,105,39,6.0,13
117,111,43,44.0,13
117,117,39,2.0,13
0,19,0,704.0,14
0,24,11,224.0,14
0,27,11,272.0,14
0,33,3,44.0,14
0,39,0,7152.0,14
0,40,2,22648.0,14
0,45,11,1172.0,14
0,59,11,388.0,14
0,64,11,2544.0,14
1,64,7,7620.0,14
1,66,7,952.0,14
2,41,7,2046.0,14
3,1,1,44908.0,14
3,1,2,44908.0,14
3,2,1,20248.0,14
3,2,2,20248.0,14
3,3,1,34998.0,14
3,12,1,20592.0,14
3,17,2,15656.0,14
3,24,14,896.0,14
3,26,2,2108.0,14
3,27,1,14645.0,14
3,27,2,14549.0,14
3,27,14,305.0,14
3,32,1,2664.0,14
3,35,14,2288.0,14
3,37,1,29319.0,14
3,37,14,2192.0,14
3,49,14,14844.0,14
3,52,14,384.0,14
3,58,14,512.0,14
3,61,14,468.0,14
3,64,14,10160.0,14
3,65,14,8912.0,14
3,68,14,1616.0,14
4,0,0,1216.0,14
4,8,1,31176.0,14
4,13,2,20.0,14
4,16,0,416.0,14
4,23,2,1352.0,14
4,26,3,527.0,14
4,26,11,6.0,14
4,29,2,13664.0,14
4,31,0,144.0,14
4,32,0,2664.0,14
4,35,1,207.0,14
4,41,11,5710.0,14
4,42,0,13644.0,14
4,44,0,800.0,14
4,45,2,45964.0,14
4,47,11,14.0,14
4,58,11,512.0,14
5,4,3,47332.0,14
5,67,13,8.0,14
6,29,12,3.0,14
7,30,14,3984.0,14
7,42,1,12852.0,14
8,30,7,2988.0,14
8,38,7,186.0,14
8,45,7,1172.0,14
8,53,7,3798.0,14
8,57,7,84.0,14
8,61,7,468.0,14
10,52,11,96.0,14
11,42,10,312.0,14
11,56,10,24.0,14
11,68,9,240.0,14
14,11,4,384.0,14
14,14,4,8428.0,14
14,27,4,128.0,14
14,35,4,276.0,14
14,39,4,9536.0,14
14,39,5,48.0,14
14,56,5,16.0,14
14,57,5,28.0,14
16,4,0,11833.0,14
16,6,0,40077.0,14
16,13,0,40.0,14
16,23,0,11354.0,14
16,27,0,96.0,14
16,32,9,64.0,14
16,35,0,207.0,14
16,39,9,96.0,14
16,40,0,16986.0,14
16,40,3,5662.0,14
16,42,9,416.0,14
16,47,3,13939.0,14
16,48,3,256.0,14
16,56,9,32.0,14
17,26,8,4.0,14
17,41,12,7404.0,14
17,47,8,4.0,14
17,59,12,776.0,14
17,65,12,10437.0,14
18,39,10,72.0,14
19,6,3,13359.0,14
19,43,3,20.0,14
19,63,11,2.0,14
20,25,4,14136.0,14
20,31,4,96.0,14
20,32,4,3552.0,14
20,42,4,17664.0,14
22,67,12,4.0,14
23,0,3,4864.0,14
23,3,2,34998.0,14
23,6,2,53436.0,14
23,7,1,4516.0,14
23,7,2,4516.0,14
23,8,2,31176.0,14
23,11,0,1320.0,14
23,11,3,2976.0,14
23,12,2,20592.0,14
23,13,3,20.0,14
23,14,0,6321.0,14
23,14,1,6321.0,14
23,16,3,1664.0,14
23,17,0,11742.0,14
23,17,3,3914.0,14
23,19,3,2816.0,14
23,23,1,1352.0,14
23,23,3,40008.0,14
23,25,0,10602.0,14
23,25,1,13576.0,14
23,25,2,2974.0,14
23,26,0,1581.0,14
23,29,0,10248.0,14
23,29,3,3416.0,14
23,29,11,2.0,14
23,30,11,996.0,14
23,33,0,88.0,14
23,33,2,44.0,14
23,35,6,792.0,14
23,35,11,792.0,14
23,37,2,29319.0,14
23,37,11,548.0,14
23,38,11,2826.0,14
23,39,1,7152.0,14
23,40,11,12.0,14
23,43,0,40.0,14
23,43,2,20.0,14
23,44,3,3200.0,14
23,45,1,45964.0,14
23,47,0,41817.0,14
23,47,2,55756.0,14
23,48,0,64.0,14
23,60,11,4.0,14
23,65,11,3488.0,14
23,66,11,952.0,14
23,67,11,4.0,14
23,68,6,240.0,14
23,68,11,240.0,14
24,52,24,320.0,14
25,35,5,3872.0,14
25,42,5,208.0,14
25,53,14,3798.0,14
25,62,5,115.0,14
25,62,14,345.0,14
25,66,14,952.0,14
25,68,5,2096.0,14
25,70,5,157.0,14
26,37,12,548.0,14
26,60,12,6.0,14
26,63,12,3.0,14
27,38,14,11304.0,14
27,45,14,1172.0,14
27,55,18,31.0,14
27,57,14,84.0,14
27,69,18,247.0,14
27,70,14,157.0,14
27,73,18,852.0,14
27,74,18,626.0,14
27,83,18,156.0,14
27,84,18,357.0,14
27,93,18,54.0,14
28,87,19,40.0,14
30,54,24,38.0,14
30,55,24,58.0,14
30,69,24,752.0,14
30,72,24,224.0,14
31,32,10,48.0,14
32,27,5,169.0,14
32,32,5,32.0,14
32,49,5,4948.0,14
32,92,19,24.0,14
33,26,13,12.0,14
33,40,13,24.0,14
33,60,13,4.0,14
33,63,13,2.0,14
33,64,13,6.0,14
35,54,18,331.0,14
35,61,5,156.0,14
35,62,22,70.0,14
35,68,18,18.0,14
35,68,22,140.0,14
35,69,22,48.0,14
35,71,22,74.0,14
35,87,18,250.0,14
35,91,22,376.0,14
35,92,18,528.0,14
35,93,22,60.0,14
36,47,13,12.0,14
37,41,14,21608.0,14
37,51,20,152.0,14
37,54,20,360.0,14
37,55,20,120.0,14
37,59,14,388.0,14
37,69,16,88.0,14
37,83,20,336.0,14
38,54,20,446.0,14
38,57,24,303.0,14
38,59,24,72.0,14
38,65,20,584.0,14
38,73,20,1724.0,14
38,74,20,276.0,14
38,78,24,32.0,14
38,83,20,180.0,14
38,85,24,120.0,14
38,87,24,46.0,14
38,92,24,168.0,14
39,53,5,1266.0,14
39,54,19,16.0,14
40,24,12,896.0,14
40,30,12,3984.0,14
40,38,12,3012.0,14
40,52,12,384.0,14
40,66,12,1904.0,14
41,52,24,230.0,14
41,57,20,498.0,14
41,62,20,2334.0,14
41,64,24,502.0,14
41,67,20,96.0,14
41,69,20,1379.0,14
41,71,16,152.0,14
41,71,20,496.0,14
41,71,24,332.0,14
41,72,20,224.0,14
41,86,20,160.0,14
41,86,24,938.0,14
41,88,24,128.0,14
42,74,19,72.0,14
43,29,13,2.0,14
43,47,13,22.0,14
43,64,8,2.0,14
44,35,9,792.0,14
45,24,7,672.0,14
45,49,7,14844.0,14
45,52,7,288.0,14
45,57,23,120.0,14
45,58,7,512.0,14
45,59,7,388.0,14
45,59,23,200.0,14
45,62,7,345.0,14
45,62,23,76.0,14
45,65,7,4830.0,14
45,65,23,1168.0,14
45,66,23,72.0,14
45,72,23,448.0,14
45,74,23,312.0,14
45,85,23,250.0,14
45,86,23,464.0,14
47,40,8,2.0,14
47,40,12,12.0,14
47,45,12,2344.0,14
47,58,12,1024.0,14
47,64,12,10165.0,14
49,62,21,3563.0,14
49,69,21,664.0,14
49,71,21,127.0,14
49,73,21,898.0,14
51,75,32,28.0,14
52,62,24,2077.0,14
53,57,21,686.0,14
53,74,21,606.0,14
54,90,28,7.0,14
54,97,28,9.0,14
54,98,28,2.0,14
54,106,28,128.0,14
55,82,26,6.0,14
55,90,28,4.0,14
55,99,28,11.0,14
55,113,28,2.0,14
56,55,19,8.0,14
59,53,23,92.0,14
59,64,23,1916.0,14
59,78,23,168.0,14
59,78,30,46.0,14
59,85,30,160.0,14
62,54,21,90.0,14
62,55,21,124.0,14
62,73,28,192.0,14
62,74,29,51.0,14
62,77,28,3.0,14
62,79,25,21.0,14
62,80,25,68.0,14
62,81,25,9.0,14
62,81,28,11.0,14
62,82,25,9.0,14
62,82,28,5.0,14
62,85,29,18.0,14
62,86,25,22.0,14
62,87,21,265.0,14
62,90,25,96.0,14
62,91,29,12.0,14
62,92,21,318.0,14
62,96,29,18.0,14
62,101,25,10.0,14
62,101,29,25.0,14
62,102,28,1.0,14
62,105,29,50.0,14
62,106,28,112.0,14
62,106,29,128.0,14
62,109,29,31.0,14
62,111,28,48.0,14
62,113,25,80.0,14
62,115,28,136.0,14
64,64,20,330.0,14
64,69,20,550.0,14
64,83,32,3.0,14
64,90,32,68.0,14
64,101,32,48.0,14
65,55,20,156.0,14
65,62,16,1432.0,14
65,66,20,32.0,14
65,73,24,595.0,14
65,80,32,68.0,14
65,86,32,28.0,14
65,93,20,159.0,14
65,98,32,96.0,14
65,105,32,186.0,14
66,52,23,300.0,14
66,85,27,204.0,14
66,117,27,36.0,14
68,57,18,578.0,14
68,91,16,656.0,14
68,91,18,492.0,14
68,97,25,18.0,14
68,108,25,18.0,14
69,97,28,12.0,14
69,103,28,8.0,14
69,107,28,96.0,14
70,71,16,40.0,14
70,83,22,104.0,14
73,83,29,17.0,14
73,101,29,22.0,14
73,103,42,32.0,14
73,104,42,24.0,14
73,107,42,36.0,14
73,109,29,14.0,14
73,111,42,52.0,14
73,113,42,10.0,14
73,114,42,14.0,14
73,115,29,74.0,14
73,116,42,16.0,14
73,118,28,2.0,14
74,81,26,12.0,14
74,87,33,16.0,14
74,104,26,4.0,14
74,106,31,12.0,14
75,100,41,4.0,14
75,101,41,12.0,14
75,112,41,18.0,14
75,113,41,10.0,14
75,114,41,6.0,14
78,106,38,2.0,14
78,106,39,2.0,14
78,110,38,2.0,14
78,117,30,12.0,14
87,108,26,10.0,14
87,118,26,8.0,14
92,79,34,10.0,14
92,82,34,10.0,14
92,92,26,10.0,14
92,97,26,12.0,14
101,101,40,6.0,14
105,110,40,12.0,14
105,113,40,21.0,14
105,117,40,1.0,14
106,96,42,32.0,14
106,100,42,4.0,14
106,101,40,19.0,14
106,106,42,36.0,14
106,106,43,10.0,14
111,100,42,2.0,14
111,116,37,30.0,14
111,118,42,8.0,14
115,95,42,10.0,14
115,101,42,10.0,14
115,110,42,14.0,14
115,117,42,56.0,14
116,105,38,4.0,14
0,31,0,580.0,15
0,33,3,84.0,15
0,39,0,10962.0,15
0,45,11,1216.0,15
1,30,7,1845.0,15
1,45,7,1216.0,15
1,64,7,8166.0,15
2,24,7,96.0,15
2,41,7,1992.0,15
2,53,7,1266.0,15
2,66,7,1708.0,15
3,1,1,40656.0,15
3,1,2,40656.0,15
3,2,1,10512.0,15
3,2,2,10512.0,15
3,3,1,18610.0,15
3,17,2,53036.0,15
3,24,14,128.0,15
3,27,14,888.0,15
3,32,1,6735.0,15
3,37,14,2060.0,15
3,38,14,6208.0,15
3,49,14,3999.0,15
3,52,14,4548.0,15
3,58,14,96.0,15
3,61,14,207.0,15
3,64,14,12024.0,15
3,65,14,4840.0,15
4,0,0,5860.0,15
4,8,1,51612.0,15
4,16,0,512.0,15
4,19,0,2740.0,15
4,23,2,1420.0,15
4,26,2,944.0,15
4,26,3,236.0,15
4,30,11,615.0,15
4,31,3,880.0,15
4,35,1,2076.0,15
4,40,0,30390.0,15
4,41,11,8106.0,15
4,42,0,576.0,15
4,44,0,1200.0,15
4,45,2,79844.0,15
4,47,11,4.0,15
4,58,11,96.0,15
4,64,11,3012.0,15
5,4,3,33676.0,15
6,29,12,9.0,15
6,41,12,8802.0,15
6,52,12,4548.0,15
7,27,1,31106.0,15
7,29,2,9792.0,15
7,30,14,2460.0,15
7,35,14,2056.0,15
8,38,7,1650.0,15
8,57,7,5937.0,15
8,61,7,207.0,15
10,7,2,4636.0,15
11,28,10,48.0,15
11,56,10,144.0,15
11,68,9,744.0,15
12,52,7,3411.0,15
12,65,7,1737.0,15
13,60,13,4.0,15
13,64,13,6.0,15
14,14,4,852.0,15
14,35,4,2768.0,15
14,39,5,32.0,15
14,56,5,96.0,15
14,57,5,1979.0,15
16,4,0,8419.0,15
16,13,0,16.0,15
16,23,0,10558.0,15
16,32,0,6735.0,15
16,32,9,64.0,15
16,35,0,2076.0,15
16,39,9,64.0,15
16,40,3,10130.0,15
16,42,9,288.0,15
16,47,3,19520.0,15
17,26,8,4.0,15
17,26,12,6.0,15
17,40,8,4.0,15
17,47,8,4.0,15
17,65,12,9728.0,15
19,6,3,21.0,15
19,23,3,36552.0,15
19,37,11,704.0,15
19,43,3,62.0,15
20,11,4,96.0,15
20,25,4,32720.0,15
20,31,4,240.0,15
20,32,4,8980.0,15
20,39,4,14184.0,15
20,42,4,384.0,15
23,0,3,23440.0,15
23,3,2,18610.0,15
23,6,0,63.0,15
23,6,2,84.0,15
23,7,1,4636.0,15
23,8,2,51612.0,15
23,11,0,400.0,15
23,11,3,1024.0,15
23,13,2,8.0,15
23,13,3,8.0,15
23,14,0,639.0,15
23,14,1,639.0,15
23,16,3,2048.0,15
23,17,0,39759.0,15
23,17,3,13277.0,15
23,19,3,10960.0,15
23,23,1,1420.0,15
23,24,11,32.0,15
23,25,0,24540.0,15
23,25,1,39005.0,15
23,25,2,14465.0,15
23,26,0,708.0,15
23,27,2,31106.0,15
23,29,0,7344.0,15
23,29,3,2448.0,15
23,29,11,6.0,15
23,33,0,168.0,15
23,33,2,84.0,15
23,33,11,10.0,15
23,35,6,608.0,15
23,35,11,1024.0,15
23,37,1,27841.0,15
23,37,2,27841.0,15
23,38,11,1552.0,15
23,39,1,10314.0,15
23,40,2,40520.0,15
23,43,0,112.0,15
23,43,2,62.0,15
23,44,3,4800.0,15
23,45,1,79844.0,15
23,47,0,58542.0,15
23,47,2,78062.0,15
23,52,11,1137.0,15
23,59,11,532.0,15
23,60,11,4.0,15
23,63,11,12.0,15
23,65,11,1889.0,15
23,66,11,1708.0,15
23,68,6,744.0,15
23,68,11,744.0,15
24,51,24,144.0,15
24,55,24,56.0,15
24,87,24,24.0,15
25,35,5,3064.0,15
25,42,5,144.0,15
25,53,14,1266.0,15
25,62,5,326.0,15
25,66,14,1708.0,15
26,33,12,15.0,15
26,37,12,488.0,15
26,60,12,6.0,15
26,63,12,18.0,15
27,32,5,32.0,15
27,45,14,1216.0,15
27,54,14,5886.0,15
27,55,18,30.0,15
27,57,14,5937.0,15
27,59,14,532.0,15
27,62,14,978.0,15
27,68,16,136.0,15
27,69,18,7.0,15
27,93,18,132.0,15
29,66,12,3416.0,15
30,54,24,144.0,15
30,66,24,100.0,15
30,69,24,308.0,15
30,85,24,444.0,15
31,32,10,48.0,15
32,27,5,888.0,15
32,92,19,16.0,15
33,33,13,10.0,15
33,63,13,12.0,15
35,54,18,353.0,15
35,61,5,69.0,15
35,62,18,1054.0,15
35,62,22,112.0,15
35,74,18,634.0,15
35,83,16,32.0,15
35,84,22,238.0,15
35,87,18,48.0,15
35,92,18,32.0,15
35,93,22,124.0,15
37,41,14,27888.0,15
37,54,20,34.0,15
37,68,14,1431.0,15
37,83,20,156.0,15
37,91,20,492.0,15
38,65,20,524.0,15
38,73,20,1924.0,15
38,92,20,608.0,15
39,53,5,422.0,15
39,54,5,1962.0,15
39,54,19,24.0,15
40,30,12,2460.0,15
40,38,12,3202.0,15
41,57,20,2510.0,15
41,62,20,2918.0,15
41,68,20,102.0,15
41,71,16,24.0,15
41,86,20,32.0,15
41,93,16,72.0,15
42,28,5,32.0,15
42,39,10,48.0,15
42,42,10,216.0,15
42,49,5,1333.0,15
42,68,5,2919.0,15
42,74,19,104.0,15
43,64,8,4.0,15
43,67,8,4.0,15
44,35,9,608.0,15
44,56,9,192.0,15
45,49,7,3999.0,15
45,51,23,288.0,15
45,54,7,5886.0,15
45,58,7,96.0,15
45,59,7,532.0,15
45,59,23,24.0,15
45,62,7,978.0,15
45,65,23,484.0,15
45,66,23,60.0,15
45,74,23,168.0,15
45,85,23,148.0,15
47,24,12,128.0,15
47,45,12,2432.0,15
47,47,12,24.0,15
47,58,12,192.0,15
48,28,9,64.0,15
49,54,21,411.0,15
49,62,21,3036.0,15
49,71,21,381.0,15
49,73,21,1120.0,15
51,75,32,88.0,15
52,67,24,96.0,15
52,76,27,20.0,15
52,78,27,92.0,15
52,116,27,64.0,15
53,57,21,628.0,15
53,73,31,23.0,15
53,74,21,638.0,15
54,97,28,6.0,15
54,102,26,2.0,15
54,103,26,2.0,15
54,108,34,9.0,15
54,113,28,4.0,15
55,79,26,2.0,15
55,113,28,29.0,15
56,55,19,8.0,15
57,69,21,28.0,15
57,74,31,28.0,15
57,90,28,14.0,15
57,96,31,12.0,15
57,104,28,18.0,15
57,108,28,21.0,15
57,111,29,12.0,15
57,118,28,8.0,15
58,67,23,192.0,15
58,86,23,320.0,15
59,64,23,388.0,15
59,78,30,36.0,15
61,55,21,120.0,15
61,87,21,36.0,15
62,73,29,262.0,15
62,82,25,3.0,15
62,83,29,8.0,15
62,85,29,144.0,15
62,86,25,8.0,15
62,90,25,16.0,15
62,92,21,115.0,15
62,96,29,16.0,15
62,101,29,54.0,15
62,105,29,42.0,15
62,106,29,161.0,15
64,50,20,192.0,15
64,62,24,1529.0,15
64,64,20,198.0,15
64,78,20,80.0,15
64,83,32,9.0,15
64,90,32,96.0,15
64,101,32,146.0,15
65,62,16,360.0,15
65,68,20,75.0,15
65,69,24,513.0,15
65,73,24,2058.0,15
65,74,24,496.0,15
65,93,20,54.0,15
66,52,23,656.0,15
66,73,23,296.0,15
68,71,18,384.0,15
68,73,18,1052.0,15
68,77,25,12.0,15
68,83,18,180.0,15
68,83,22,120.0,15
68,97,25,12.0,15
68,99,25,72.0,15
69,73,29,182.0,15
69,81,25,12.0,15
69,82,28,4.0,15
69,102,25,12.0,15
69,103,28,2.0,15
69,106,28,160.0,15
70,71,18,48.0,15
71,73,33,236.0,15
71,76,25,32.0,15
71,81,25,3.0,15
71,89,25,6.0,15
71,97,34,9.0,15
71,111,33,48.0,15
72,99,32,112.0,15
73,83,29,8.0,15
73,109,29,102.0,15
73,115,29,116.0,15
73,118,28,2.0,15
74,81,26,6.0,15
74,87,33,48.0,15
74,104,26,8.0,15
74,104,43,12.0,15
74,105,43,2.0,15
74,107,43,38.0,15
74,108,26,4.0,15
75,100,41,8.0,15
75,101,41,6.0,15
78,106,38,8.0,15
78,106,39,8.0,15
78,110,38,2.0,15
78,117,30,26.0,15
80,110,44,11.0,15
80,112,44,6.0,15
83,75,25,14.0,15
83,98,25,132.0,15
83,102,25,18.0,15
83,110,40,16.0,15
83,116,40,1.0,15
85,78,30,12.0,15
85,95,38,10.0,15
85,101,38,8.0,15
85,105,38,6.0,15
85,112,38,2.0,15
85,116,30,6.0,15
85,116,38,16.0,15
85,116,39,2.0,15
85,117,38,10.0,15
86,76,32,40.0,15
86,109,32,93.0,15
86,110,41,12.0,15
86,113,32,336.0,15
87,82,26,4.0,15
87,87,34,4.0,15
87,97,26,6.0,15
87,104,34,2.0,15
87,111,34,17.0,15
88,76,32,28.0,15
88,91,32,36.0,15
90,100,44,4.0,15
90,114,44,12.0,15
91,98,25,24.0,15
92,81,34,2.0,15
92,82,34,6.0,15
92,92,26,6.0,15
92,92,33,64.0,15
92,103,33,120.0,15
92,118,34,1.0,15
93,75,25,20.0,15
93,113,25,12.0,15
96,112,42,18.0,15
101,101,40,16.0,15
105,110,40,20.0,15
105,113,40,18.0,15
105,114,40,12.0,15
106,96,42,68.0,15
106,106,42,16.0,15
106,111,42,32.0,15
106,118,42,12.0,15
107,107,42,24.0,15
111,118,42,12.0,15
115,95,42,16.0,15
115,101,42,8.0,15
115,110,42,6.0,15
115,117,42,44.0,15
0,10,0,2058.0,16
0,17,0,39825.0,16
0,19,3,7296.0,16
0,21,2,17088.0,16
0,22,0,12.0,16
0,39,0,4215.0,16
0,40,2,29200.0,16
0,45,11,2256.0,16
0,47,0,26565.0,16
0,64,11,3604.0,16
1,64,7,10164.0,16
2,24,7,912.0,16
2,41,7,1716.0,16
3,1,1,18480.0,16
3,1,2,18480.0,16
3,2,1,24912.0,16
3,2,2,24912.0,16
3,5,2,16.0,16
3,12,1,8848.0,16
3,13,2,16.0,16
3,17,2,53136.0,16
3,22,2,16.0,16
3,27,14,2486.0,16
3,32,1,2535.0,16
3,35,14,2025.0,16
3,49,14,6495.0,16
3,61,14,2076.0,16
3,65,14,5528.0,16
4,0,0,4072.0,16
4,5,0,32.0,16
4,8,1,15036.0,16
4,11,0,936.0,16
4,16,0,1280.0,16
4,19,0,1824.0,16
4,23,0,13346.0,16
4,23,2,1824.0,16
4,26,3,444.0,16
4,26,11,4.0,16
4,27,1,28352.0,16
4,28,0,12672.0,16
4,29,2,31228.0,16
4,30,11,1159.0,16
4,31,0,648.0,16
4,32,0,2535.0,16
4,40,0,21900.0,16
4,41,11,7246.0,16
4,45,2,99900.0,16
4,47,11,10.0,16
5,4,3,37340.0,16
6,29,12,21.0,16
7,26,2,1776.0,16
7,30,14,4636.0,16
8,30,7,3477.0,16
8,38,7,2238.0,16
8,45,7,2256.0,16
8,53,7,2856.0,16
8,61,7,2076.0,16
10,33,3,24.0,16
11,39,9,256.0,16
11,56,10,48.0,16
13,40,13,4.0,16
14,56,5,32.0,16
14,68,5,181.0,16
16,5,3,16.0,16
16,10,3,8232.0,16
16,13,0,32.0,16
16,14,0,1335.0,16
16,27,0,3792.0,16
16,32,9,160.0,16
16,40,3,7300.0,16
16,42,0,72.0,16
16,42,9,288.0,16
16,44,0,1824.0,16
16,47,3,8855.0,16
16,56,9,64.0,16
17,26,8,2.0,16
17,26,12,4.0,16
17,40,8,8.0,16
17,41,12,8538.0,16
17,59,12,1884.0,16
19,6,3,10494.0,16
19,43,3,68.0,16
19,65,11,2740.0,16
20,11,4,624.0,16
20,42,4,48.0,16
23,0,3,16288.0,16
23,3,1,31334.0,16
23,3,2,31334.0,16
23,4,0,9335.0,16
23,6,0,31482.0,16
23,6,2,41976.0,16
23,7,1,36260.0,16
23,7,2,36260.0,16
23,8,2,15036.0,16
23,12,2,8848.0,16
23,13,3,16.0,16
23,14,1,1335.0,16
23,16,3,5120.0,16
23,17,3,13311.0,16
23,21,1,17088.0,16
23,22,3,4.0,16
23,23,1,1824.0,16
23,23,3,46088.0,16
23,24,11,304.0,16
23,25,0,22971.0,16
23,25,1,27578.0,16
23,25,2,4607.0,16
23,26,0,1332.0,16
23,27,2,24560.0,16
23,28,1,12672.0,16
23,29,0,23421.0,16
23,29,3,7807.0,16
23,29,11,14.0,16
23,33,0,48.0,16
23,33,2,24.0,16
23,33,11,8.0,16
23,35,6,1200.0,16
23,35,11,1200.0,16
23,37,1,1501.0,16
23,37,2,1501.0,16
23,37,11,664.0,16
23,38,11,3256.0,16
23,39,1,2991.0,16
23,40,11,2.0,16
23,43,0,88.0,16
23,43,2,68.0,16
23,44,3,7296.0,16
23,45,1,99900.0,16
23,47,2,35420.0,16
23,59,11,410.0,16
23,60,11,12.0,16
23,63,11,4.0,16
23,66,11,1224.0,16
23,68,11,320.0,16
23,70,6,220.0,16
23,70,11,300.0,16
24,55,24,32.0,16
25,24,14,1216.0,16
25,35,5,4425.0,16
25,39,5,128.0,16
25,42,5,144.0,16
25,53,14,2856.0,16
25,62,5,3043.0,16
25,62,14,9129.0,16
25,66,14,1224.0,16
25,70,5,440.0,16
25,70,14,40.0,16
26,33,12,12.0,16
26,37,12,200.0,16
26,60,12,18.0,16
26,63,12,6.0,16
27,37,14,1032.0,16
27,38,14,13024.0,16
27,45,14,2256.0,16
27,55,18,28.0,16
27,59,14,410.0,16
27,64,14,14384.0,16
27,69,18,180.0,16
27,73,18,118.0,16
27,83,18,72.0,16
27,87,18,4.0,16
27,93,18,486.0,16
28,92,19,16.0,16
29,47,8,2.0,16
30,54,24,30.0,16
30,66,24,258.0,16
30,69,24,327.0,16
31,32,10,120.0,16
31,70,9,220.0,16
32,32,5,80.0,16
32,49,5,2165.0,16
32,87,19,16.0,16
33,26,13,8.0,16
33,33,13,8.0,16
33,60,13,12.0,16
33,63,13,4.0,16
33,64,13,10.0,16
35,54,18,40.0,16
35,61,5,692.0,16
35,62,18,1860.0,16
35,62,22,434.0,16
35,68,18,183.0,16
35,68,22,68.0,16
35,69,22,56.0,16
35,71,18,220.0,16
35,92,18,304.0,16
37,41,14,27500.0,16
37,51,20,144.0,16
37,59,20,200.0,16
37,68,14,341.0,16
37,87,20,240.0,16
38,65,20,434.0,16
38,65,24,584.0,16
38,85,24,690.0,16
38,87,24,90.0,16
39,27,5,2486.0,16
39,42,10,216.0,16
39,53,5,952.0,16
39,54,19,16.0,16
40,30,12,4636.0,16
40,38,12,5494.0,16
41,52,20,1404.0,16
41,59,20,48.0,16
41,62,20,4401.0,16
41,67,20,48.0,16
41,68,20,246.0,16
41,69,20,1049.0,16
41,71,16,48.0,16
41,86,20,232.0,16
41,93,16,64.0,16
42,39,10,192.0,16
42,74,19,72.0,16
43,47,13,20.0,16
43,64,8,8.0,16
43,67,8,6.0,16
44,35,9,1200.0,16
45,49,7,6495.0,16
45,59,7,410.0,16
45,59,23,48.0,16
45,62,7,9129.0,16
45,62,23,268.0,16
45,65,7,2703.0,16
45,65,23,564.0,16
45,66,7,1224.0,16
45,66,23,86.0,16
45,74,23,68.0,16
45,85,23,118.0,16
45,86,23,64.0,16
47,24,12,1216.0,16
47,40,12,2.0,16
47,45,12,4512.0,16
47,47,12,13.0,16
47,64,12,24952.0,16
49,69,21,384.0,16
49,71,21,841.0,16
49,73,21,108.0,16
52,57,24,1137.0,16
53,74,21,422.0,16
54,57,21,1962.0,16
54,80,28,10.0,16
54,81,26,2.0,16
54,81,34,6.0,16
54,97,28,4.0,16
54,103,26,4.0,16
55,82,26,2.0,16
55,90,28,12.0,16
55,113,28,16.0,16
56,55,19,48.0,16
57,55,21,112.0,16
57,62,21,1867.0,16
58,67,23,96.0,16
61,54,21,69.0,16
62,73,28,504.0,16
62,78,31,39.0,16
62,79,28,1.0,16
62,81,28,6.0,16
62,87,21,16.0,16
62,90,25,56.0,16
62,92,21,310.0,16
62,92,28,6.0,16
62,113,25,8.0,16
62,115,28,176.0,16
64,64,20,196.0,16
64,85,20,96.0,16
65,55,20,16.0,16
65,62,16,184.0,16
65,69,20,475.0,16
65,69,24,487.0,16
65,74,24,332.0,16
65,78,20,48.0,16
65,78,24,24.0,16
65,86,24,96.0,16
65,93,20,48.0,16
66,52,23,1708.0,16
66,117,30,16.0,16
67,90,32,48.0,16
68,83,22,48.0,16
68,91,16,160.0,16
69,74,29,26.0,16
69,78,29,147.0,16
69,86,29,4.0,16
69,97,28,3.0,16
69,103,28,4.0,16
69,117,29,30.0,16
73,78,31,63.0,16
73,81,28,6.0,16
73,83,29,11.0,16
73,96,37,28.0,16
73,103,37,23.0,16
73,103,42,48.0,16
73,104,37,8.0,16
73,104,42,20.0,16
73,105,29,65.0,16
73,106,28,144.0,16
73,106,43,2.0,16
73,107,42,60.0,16
73,109,29,267.0,16
73,111,42,8.0,16
73,111,43,46.0,16
73,113,42,12.0,16
73,114,42,14.0,16
73,115,29,202.0,16
73,116,42,24.0,16
74,74,31,16.0,16
74,74,34,118.0,16
74,78,31,78.0,16
74,81,34,2.0,16
74,97,26,4.0,16
74,104,26,6.0,16
74,108,26,8.0,16
74,117,31,26.0,16
74,118,26,8.0,16
75,100,41,8.0,16
75,101,41,4.0,16
75,112,41,8.0,16
75,113,41,12.0,16
75,114,41,6.0,16
76,95,41,34.0,16
78,106,38,4.0,16
78,106,39,6.0,16
78,110,38,8.0,16
83,98,25,60.0,16
83,116,40,2.0,16
83,117,40,1.0,16
84,79,25,3.0,16
84,113,25,116.0,16
87,104,37,4.0,16
90,100,44,12.0,16
90,110,44,7.0,16
90,114,44,6.0,16
91,75,25,52.0,16
91,99,25,112.0,16
91,100,40,12.0,16
92,82,34,3.0,16
92,92,26,4.0,16
92,104,34,1.0,16
93,75,25,36.0,16
93,76,25,8.0,16
93,86,25,18.0,16
96,106,43,4.0,16
96,112,42,4.0,16
96,116,43,8.0,16
98,95,44,14.0,16
98,110,44,11.0,16
98,112,44,1.0,16
99,95,44,22.0,16
101,101,40,26.0,16
101,112,40,21.0,16
105,100,40,3.0,16
105,110,40,16.0,16
105,117,40,8.0,16
106,96,42,84.0,16
106,106,42,20.0,16
106,111,42,8.0,16
106,111,43,12.0,16
106,114,42,6.0,16
109,95,40,25.0,16
111,116,37,12.0,16
113,95,44,8.0,16
113,101,44,23.0,16
113,112,44,23.0,16
113,113,44,22.0,16
113,114,44,8.0,16
115,95,42,24.0,16
115,101,42,10.0,16
115,110,42,14.0,16
115,111,42,16.0,16
115,117,42,52.0,16
116,117,38,2.0,16
117,105,38,2.0,16
117,106,38,6.0,16
0,10,0,562.0,17
0,11,3,128.0,17
0,22,0,8646.0,17
0,27,11,424.0,17
0,39,0,1296.0,17
0,44,2,100.0,17
0,45,11,2212.0,17
0,47,0,24504.0,17
0,48,0,164.0,17
0,64,11,1436.0,17
1,30,7,2964.0,17
1,64,7,1656.0,17
2,24,7,996.0,17
2,41,7,5232.0,17
3,1,1,14472.0,17
3,1,2,14472.0,17
3,2,1,16680.0,17
3,2,2,16680.0,17
3,3,1,43614.0,17
3,13,2,4.0,17
3,17,2,30.0,17
3,22,2,11528.0,17
3,25,1,13355.0,17
3,27,14,1057.0,17
3,32,1,8667.0,17
3,35,14,3657.0,17
3,37,14,2556.0,17
3,52,14,10488.0,17
3,62,14,2976.0,17
3,64,14,5728.0,17
3,65,14,4872.0,17
4,0,0,2852.0,17
4,5,0,48.0,17
4,7,2,792.0,17
4,8,1,37080.0,17
4,16,0,960.0,17
4,19,0,132.0,17
4,23,2,560.0,17
4,26,2,1560.0,17
4,26,3,390.0,17
4,26,11,4.0,17
4,27,1,13360.0,17
4,30,11,988.0,17
4,31,0,1632.0,17
4,31,3,2208.0,17
4,32,0,8667.0,17
4,33,0,200.0,17
4,35,1,2754.0,17
4,40,0,19458.0,17
4,41,11,8343.0,17
4,44,1,100.0,17
4,48,2,32.0,17
5,0,3,11408.0,17
5,4,3,31736.0,17
5,67,13,8.0,17
6,29,12,6.0,17
6,52,12,10488.0,17
7,5,2,24.0,17
7,29,2,14858.0,17
7,30,14,3952.0,17
7,41,14,32308.0,17
7,45,2,50104.0,17
8,53,7,2991.0,17
8,57,7,768.0,17
10,38,11,2052.0,17
10,47,11,6.0,17
11,56,10,312.0,17
12,45,7,2212.0,17
13,40,13,8.0,17
15,18,4,288.0,17
15,42,4,720.0,17
16,4,0,7934.0,17
16,5,3,24.0,17
16,10,3,2248.0,17
16,13,0,8.0,17
16,23,0,5558.0,17
16,32,9,288.0,17
16,35,0,2754.0,17
16,39,9,32.0,17
16,40,3,6486.0,17
16,44,0,688.0,17
16,46,9,544.0,17
16,47,3,8168.0,17
16,48,3,528.0,17
16,56,9,416.0,17
17,26,8,2.0,17
17,26,12,4.0,17
17,47,8,10.0,17
17,65,12,3891.0,17
19,6,3,10162.0,17
19,33,3,100.0,17
19,35,11,1824.0,17
19,43,3,42.0,17
21,38,7,1296.0,17
21,62,7,2976.0,17
22,67,12,4.0,17
23,3,2,43614.0,17
23,6,0,30486.0,17
23,6,2,40648.0,17
23,7,1,792.0,17
23,8,2,37080.0,17
23,11,0,32.0,17
23,13,3,4.0,17
23,14,0,1440.0,17
23,14,1,1440.0,17
23,16,3,3840.0,17
23,17,3,30.0,17
23,18,0,432.0,17
23,19,3,528.0,17
23,22,3,2882.0,17
23,23,1,560.0,17
23,23,3,19992.0,17
23,24,11,332.0,17
23,25,0,10209.0,17
23,25,2,3146.0,17
23,26,0,1170.0,17
23,27,2,13360.0,17
23,28,0,2334.0,17
23,28,1,2334.0,17
23,29,0,11139.0,17
23,29,3,3719.0,17
23,29,11,4.0,17
23,33,2,100.0,17
23,35,6,1824.0,17
23,37,1,858.0,17
23,37,2,858.0,17
23,37,11,2046.0,17
23,39,1,648.0,17
23,40,2,25944.0,17
23,40,11,4.0,17
23,42,0,1080.0,17
23,43,2,42.0,17
23,44,3,2352.0,17
23,45,1,50104.0,17
23,47,2,32672.0,17
23,48,1,32.0,17
23,52,11,2622.0,17
23,59,11,700.0,17
23,63,11,4.0,17
23,65,11,2366.0,17
23,66,11,1616.0,17
23,67,11,4.0,17
24,51,24,200.0,17
24,55,24,104.0,17
25,53,14,2991.0,17
25,66,14,1616.0,17
26,37,12,438.0,17
26,63,12,6.0,17
27,38,14,8208.0,17
27,45,14,2212.0,17
27,49,14,12672.0,17
27,55,18,56.0,17
27,57,14,768.0,17
27,59,14,700.0,17
27,69,18,127.0,17
27,71,18,464.0,17
27,73,18,1680.0,17
27,93,18,159.0,17
29,59,12,1400.0,17
29,65,12,3175.0,17
29,66,12,2448.0,17
30,52,24,470.0,17
30,54,24,30.0,17
30,69,24,497.0,17
30,72,24,162.0,17
32,87,19,16.0,17
32,92,19,24.0,17
33,26,13,8.0,17
33,63,13,4.0,17
35,54,18,40.0,17
35,62,18,1256.0,17
35,62,22,388.0,17
35,68,18,165.0,17
35,68,22,54.0,17
35,69,22,6.0,17
35,71,22,20.0,17
35,74,18,688.0,17
35,87,18,52.0,17
35,91,22,80.0,17
35,92,18,166.0,17
37,24,14,1328.0,17
37,52,20,404.0,17
37,68,14,173.0,17
37,71,20,416.0,17
37,83,20,72.0,17
38,59,24,136.0,17
38,65,20,552.0,17
38,67,24,48.0,17
38,73,20,1884.0,17
38,85,24,354.0,17
38,92,20,240.0,17
38,92,24,50.0,17
39,54,19,64.0,17
40,30,12,3952.0,17
40,38,12,3348.0,17
41,52,20,800.0,17
41,52,24,1088.0,17
41,54,24,200.0,17
41,57,20,1534.0,17
41,59,20,72.0,17
41,68,20,537.0,17
41,71,16,32.0,17
41,71,20,1872.0,17
41,71,24,100.0,17
41,72,20,162.0,17
41,73,24,441.0,17
41,84,16,56.0,17
41,86,20,168.0,17
41,88,24,30.0,17
41,91,20,120.0,17
41,93,16,208.0,17
42,39,10,24.0,17
42,74,19,72.0,17
43,29,13,6.0,17
43,40,8,4.0,17
43,47,13,4.0,17
43,64,8,4.0,17
43,67,8,6.0,17
44,35,9,1824.0,17
45,49,7,12672.0,17
45,51,23,400.0,17
45,52,7,7866.0,17
45,59,7,700.0,17
45,62,23,460.0,17
45,65,7,2121.0,17
45,65,23,868.0,17
45,66,7,1616.0,17
45,71,23,32.0,17
45,72,23,324.0,17
45,85,23,172.0,17
47,24,12,1328.0,17
47,40,12,4.0,17
47,45,12,4424.0,17
47,47,12,7.0,17
47,64,12,3092.0,17
49,54,21,121.0,17
49,69,21,472.0,17
49,73,21,1572.0,17
51,75,32,72.0,17
53,57,21,724.0,17
53,74,21,228.0,17
54,97,28,1.0,17
54,98,28,28.0,17
54,102,26,4.0,17
54,108,34,6.0,17
55,79,26,2.0,17
55,82,26,10.0,17
55,90,28,12.0,17
55,113,28,4.0,17
56,55,19,16.0,17
57,104,28,8.0,17
57,106,28,480.0,17
57,108,28,21.0,17
59,57,23,72.0,17
59,64,23,740.0,17
59,78,23,130.0,17
61,55,21,224.0,17
61,71,21,468.0,17
62,62,21,2811.0,17
62,79,25,3.0,17
62,81,25,3.0,17
62,82,25,3.0,17
62,86,25,26.0,17
62,87,21,52.0,17
62,90,25,96.0,17
62,92,21,180.0,17
62,101,25,6.0,17
62,113,25,80.0,17
64,52,24,854.0,17
64,62,24,3884.0,17
64,64,20,202.0,17
64,65,24,524.0,17
65,55,20,294.0,17
65,62,16,980.0,17
65,84,20,42.0,17
65,86,32,36.0,17
65,93,20,156.0,17
65,98,32,52.0,17
65,101,32,99.0,17
65,105,32,105.0,17
66,76,27,16.0,17
66,94,27,48.0,17
66,117,27,36.0,17
68,57,18,1431.0,17
68,91,16,12.0,17
68,97,25,3.0,17
68,99,25,28.0,17
68,108,25,3.0,17
69,74,29,59.0,17
69,78,29,132.0,17
69,94,25,24.0,17
69,102,25,3.0,17
69,107,28,96.0,17
69,111,29,24.0,17
69,117,29,68.0,17
70,69,22,54.0,17
70,91,16,32.0,17
73,85,29,6.0,17
73,103,42,52.0,17
73,104,42,4.0,17
73,107,42,32.0,17
73,113,42,8.0,17
73,114,42,14.0,17
73,116,42,16.0,17
73,118,28,2.0,17
74,73,34,39.0,17
74,74,31,17.0,17
74,74,34,110.0,17
74,81,34,7.0,17
74,92,34,2.0,17
74,102,34,2.0,17
74,103,34,2.0,17
74,104,34,5.0,17
74,105,43,4.0,17
74,107,43,24.0,17
74,108,26,12.0,17
74,118,26,6.0,17
78,96,43,54.0,17
78,103,43,36.0,17
78,105,43,3.0,17
78,107,43,24.0,17
78,116,43,18.0,17
78,117,30,16.0,17
78,117,43,18.0,17
78,118,43,22.0,17
85,75,27,12.0,17
85,85,27,220.0,17
85,86,27,52.0,17
85,89,27,12.0,17
85,116,27,8.0,17
85,116,30,24.0,17
86,76,32,36.0,17
86,113,32,12.0,17
87,81,26,2.0,17
87,87,34,12.0,17
87,97,26,2.0,17
87,111,33,60.0,17
87,111,34,15.0,17
90,114,44,10.0,17
92,92,26,4.0,17
106,106,42,20.0,17
115,95,42,6.0,17
115,101,42,14.0,17
115,110,42,8.0,17
115,117,42,16.0,17
117,105,39,6.0,17
0,6,3,6.0,18
0,16,0,608.0,18
0,22,0,2658.0,18
0,33,0,96.0,18
0,39,0,1533.0,18
0,45,11,1158.0,18
0,47,11,8.0,18
0,64,11,1686.0,18
1,64,7,3618.0,18
2,24,7,180.0,18
2,41,7,3990.0,18
3,1,1,9564.0,18
3,1,2,9564.0,18
3,2,1,17100.0,18
3,2,2,17100.0,18
3,3,1,12884.0,18
3,5,2,24.0,18
3,17,2,29500.0,18
3,24,14,240.0,18
3,29,2,5184.0,18
3,35,14,1857.0,18
3,37,14,1708.0,18
3,41,14,24784.0,18
3,49,14,7455.0,18
3,52,14,2876.0,18
3,61,14,2154.0,18
3,65,14,2540.0,18
4,0,0,6070.0,18
4,5,0,48.0,18
4,8,1,23516.0,18
4,22,2,3544.0,18
4,23,2,684.0,18
4,26,2,1720.0,18
4,26,3,430.0,18
4,26,11,2.0,18
4,27,1,13750.0,18
4,30,11,198.0,18
4,31,0,216.0,18
4,32,0,6264.0,18
4,37,1,14230.0,18
4,38,11,1226.0,18
4,40,0,26013.0,18
4,41,11,6364.0,18
4,42,0,1806.0,18
4,45,2,37268.0,18
4,58,11,144.0,18
5,4,3,3200.0,18
5,67,13,12.0,18
6,41,12,10162.0,18
7,30,14,792.0,18
7,42,1,1734.0,18
7,45,1,37268.0,18
8,30,7,594.0,18
8,38,7,3342.0,18
8,45,7,1158.0,18
8,53,7,648.0,18
8,61,7,2154.0,18
8,62,7,1374.0,18
10,0,3,24280.0,18
10,59,11,562.0,18
11,68,9,32.0,18
13,33,13,2.0,18
16,4,0,800.0,18
16,5,3,24.0,18
16,23,0,7721.0,18
16,39,9,480.0,18
16,40,3,8671.0,18
16,42,9,288.0,18
16,47,3,7009.0,18
16,56,9,192.0,18
17,26,8,8.0,18
18,56,10,144.0,18
19,31,11,100.0,18
19,43,3,94.0,18
19,68,11,32.0,18
22,52,12,2876.0,18
22,67,12,6.0,18
23,3,2,12884.0,18
23,6,0,18.0,18
23,6,2,24.0,18
23,7,1,4236.0,18
23,7,2,4236.0,18
23,8,2,23516.0,18
23,11,0,944.0,18
23,11,3,1472.0,18
23,14,0,2799.0,18
23,14,1,2799.0,18
23,16,3,2432.0,18
23,17,0,22098.0,18
23,17,3,7402.0,18
23,22,3,886.0,18
23,23,1,684.0,18
23,23,3,28148.0,18
23,24,11,60.0,18
23,25,0,6150.0,18
23,25,1,7404.0,18
23,25,2,1254.0,18
23,26,0,1290.0,18
23,27,2,13750.0,18
23,29,0,3888.0,18
23,29,3,1296.0,18
23,32,1,6264.0,18
23,33,2,48.0,18
23,33,3,48.0,18
23,33,11,2.0,18
23,35,6,488.0,18
23,35,11,552.0,18
23,37,2,14230.0,18
23,37,11,728.0,18
23,39,1,813.0,18
23,40,2,34684.0,18
23,40,11,8.0,18
23,43,0,104.0,18
23,43,2,94.0,18
23,44,0,412.0,18
23,44,3,1648.0,18
23,47,0,21027.0,18
23,47,2,28036.0,18
23,52,11,719.0,18
23,60,11,2.0,18
23,65,11,1265.0,18
23,66,11,960.0,18
23,67,11,6.0,18
23,70,6,72.0,18
23,70,11,136.0,18
24,51,24,176.0,18
24,55,24,156.0,18
25,27,14,164.0,18
25,53,14,648.0,18
25,62,14,1374.0,18
25,66,14,960.0,18
26,33,12,3.0,18
26,37,12,384.0,18
26,60,12,3.0,18
27,38,14,4904.0,18
27,45,14,1158.0,18
27,59,14,562.0,18
27,64,14,6704.0,18
27,70,14,32.0,18
27,93,16,212.0,18
29,65,12,1793.0,18
29,66,12,5152.0,18
30,69,24,364.0,18
30,85,24,624.0,18
31,32,9,480.0,18
31,70,9,72.0,18
33,26,13,4.0,18
33,40,13,16.0,18
33,47,13,10.0,18
33,60,13,2.0,18
33,64,13,18.0,18
35,91,18,120.0,18
35,93,22,106.0,18
37,58,14,144.0,18
37,68,14,714.0,18
37,68,16,896.0,18
37,69,16,108.0,18
38,65,20,88.0,18
38,73,20,1688.0,18
38,74,20,64.0,18
38,78,24,20.0,18
38,91,20,24.0,18
38,92,24,104.0,18
40,26,12,2.0,18
40,30,12,792.0,18
40,38,12,4568.0,18
40,59,12,1124.0,18
41,52,20,740.0,18
41,57,20,1234.0,18
41,59,20,80.0,18
41,62,20,2604.0,18
41,64,24,112.0,18
41,67,20,72.0,18
41,69,20,482.0,18
41,71,16,48.0,18
41,71,20,418.0,18
41,73,20,1094.0,18
41,74,20,50.0,18
41,83,16,448.0,18
41,86,20,24.0,18
41,93,16,192.0,18
42,39,10,360.0,18
43,64,8,6.0,18
43,67,8,6.0,18
44,31,6,100.0,18
44,35,9,488.0,18
45,49,7,7455.0,18
45,51,23,352.0,18
45,52,7,2157.0,18
45,58,7,144.0,18
45,59,7,562.0,18
45,59,23,72.0,18
45,62,23,236.0,18
45,65,7,1248.0,18
45,65,23,1104.0,18
45,66,7,960.0,18
45,66,23,84.0,18
45,71,23,56.0,18
45,74,23,100.0,18
45,85,23,208.0,18
47,24,12,240.0,18
47,40,8,8.0,18
47,40,12,8.0,18
47,45,12,2316.0,18
47,47,12,11.0,18
47,58,12,288.0,18
48,31,9,100.0,18
48,68,6,32.0,18
52,57,24,688.0,18
52,62,24,1934.0,18
52,76,27,28.0,18
52,78,27,32.0,18
52,85,27,62.0,18
52,85,30,840.0,18
52,99,32,60.0,18
54,80,28,16.0,18
54,82,26,8.0,18
54,97,28,5.0,18
54,98,28,2.0,18
54,102,26,2.0,18
54,103,26,6.0,18
54,108,34,4.0,18
54,115,28,96.0,18
55,79,26,4.0,18
55,90,28,20.0,18
55,96,28,8.0,18
55,113,28,24.0,18
57,96,31,18.0,18
59,64,23,660.0,18
59,78,23,40.0,18
59,78,30,68.0,18
62,73,28,664.0,18
62,77,28,6.0,18
62,79,25,6.0,18
62,79,28,3.0,18
62,81,28,12.0,18
62,82,28,19.0,18
62,86,25,12.0,18
62,90,25,80.0,18
62,92,28,14.0,18
62,96,29,88.0,18
62,99,28,42.0,18
62,101,29,42.0,18
62,102,28,2.0,18
62,105,29,35.0,18
62,106,29,40.0,18
62,111,28,512.0,18
62,111,29,18.0,18
62,113,25,96.0,18
62,115,28,376.0,18
64,62,24,1713.0,18
64,64,20,420.0,18
64,65,24,434.0,18
64,78,20,16.0,18
64,85,20,40.0,18
65,55,20,60.0,18
65,62,16,476.0,18
65,66,24,216.0,18
65,71,24,66.0,18
65,74,24,544.0,18
65,85,24,660.0,18
65,86,32,52.0,18
65,93,20,144.0,18
65,98,32,60.0,18
65,105,32,150.0,18
66,52,23,760.0,18
66,86,23,464.0,18
67,98,32,24.0,18
68,57,18,181.0,18
68,77,25,24.0,18
68,108,25,3.0,18
69,78,29,48.0,18
69,86,29,21.0,18
69,89,25,22.0,18
69,102,25,9.0,18
69,103,28,6.0,18
69,107,28,112.0,18
69,115,29,18.0,18
71,73,33,108.0,18
71,76,25,10.0,18
71,111,31,8.0,18
72,101,32,81.0,18
73,73,31,54.0,18
73,78,31,20.0,18
73,115,29,46.0,18
73,118,28,6.0,18
74,81,26,12.0,18
74,104,26,2.0,18
74,105,43,7.0,18
74,107,43,52.0,18
74,108,26,4.0,18
75,101,41,2.0,18
75,114,41,4.0,18
76,95,41,12.0,18
76,110,41,6.0,18
83,98,25,24.0,18
85,75,27,104.0,18
85,85,27,78.0,18
85,86,27,16.0,18
86,101,41,10.0,18
86,106,40,4.0,18
87,96,37,12.0,18
87,97,26,4.0,18
88,101,32,15.0,18
92,82,28,3.0,18
92,82,34,7.0,18
92,92,26,6.0,18
98,110,44,13.0,18
101,101,40,3.0,18
101,112,40,14.0,18
101,114,41,10.0,18
105,110,40,22.0,18
105,113,40,12.0,18
105,117,40,1.0,18
111,116,37,12.0,18
113,101,44,3.0,18
116,116,38,6.0,18
117,103,43,26.0,18
117,105,38,4.0,18
117,105,39,4.0,18
0,22,0,51.0,19
0,41,11,3583.0,19
0,45,11,1394.0,19
0,64,11,1093.0,19
1,64,7,2391.0,19
2,24,7,270.0,19
2,41,7,4005.0,19
3,1,1,33732.0,19
3,1,2,33732.0,19
3,2,1,17808.0,19
3,3,1,28724.0,19
3,5,2,24.0,19
3,12,1,8408.0,19
3,17,2,43000.0,19
3,22,2,68.0,19
3,24,14,360.0,19
3,27,14,789.0,19
3,32,1,9396.0,19
3,35,14,919.0,19
3,49,14,6120.0,19
3,58,14,180.0,19
3,65,14,4516.0,19
4,0,0,5123.0,19
4,5,0,48.0,19
4,8,1,7008.0,19
4,16,0,544.0,19
4,19,0,1432.0,19
4,25,1,28570.0,19
4,26,2,11256.0,19
4,26,11,2.0,19
4,27,1,25990.0,19
4,30,11,606.0,19
4,31,0,648.0,19
4,32,0,9396.0,19
4,35,1,12216.0,19
4,37,2,764.0,19
4,40,0,17400.0,19
4,42,0,144.0,19
4,45,2,91344.0,19
4,47,11,12.0,19
4,58,11,180.0,19
5,67,13,12.0,19
6,29,12,6.0,19
7,23,1,1432.0,19
7,25,2,12712.0,19
7,29,2,5120.0,19
7,30,14,2424.0,19
7,37,14,1812.0,19
8,30,7,1818.0,19
8,38,7,1854.0,19
8,45,7,1394.0,19
8,53,7,813.0,19
10,4,3,23168.0,19
11,32,9,96.0,19
11,68,9,272.0,19
13,26,3,2814.0,19
16,4,0,5792.0,19
16,5,3,24.0,19
16,10,3,4388.0,19
16,17,3,10768.0,19
16,23,0,11990.0,19
16,23,3,42232.0,19
16,35,0,12216.0,19
16,39,9,32.0,19
16,40,3,5800.0,19
16,42,9,320.0,19
16,44,0,1432.0,19
16,47,3,17697.0,19
16,56,9,256.0,19
17,26,8,6.0,19
17,26,12,2.0,19
17,40,8,2.0,19
17,41,12,13271.0,19
17,47,8,6.0,19
19,6,3,2380.0,19
19,43,3,40.0,19
22,59,12,880.0,19
22,67,12,6.0,19
23,0,3,20492.0,19
23,2,2,17808.0,19
23,3,2,28724.0,19
23,6,0,7140.0,19
23,6,2,9520.0,19
23,7,1,16192.0,19
23,7,2,16192.0,19
23,8,2,7008.0,19
23,10,0,1097.0,19
23,12,2,8408.0,19
23,14,0,1140.0,19
23,14,1,1140.0,19
23,16,3,2176.0,19
23,17,0,32232.0,19
23,19,3,5728.0,19
23,22,3,17.0,19
23,23,2,1432.0,19
23,24,11,90.0,19
23,25,0,15858.0,19
23,26,0,8442.0,19
23,27,2,25990.0,19
23,29,0,3840.0,19
23,29,3,1280.0,19
23,29,11,4.0,19
23,33,0,200.0,19
23,33,2,100.0,19
23,33,3,100.0,19
23,33,11,4.0,19
23,35,6,412.0,19
23,35,11,412.0,19
23,37,1,764.0,19
23,37,11,656.0,19
23,38,11,1822.0,19
23,39,0,432.0,19
23,40,2,23200.0,19
23,40,11,4.0,19
23,43,0,8.0,19
23,43,2,40.0,19
23,44,3,5728.0,19
23,45,1,91344.0,19
23,47,0,53019.0,19
23,47,2,70716.0,19
23,59,11,440.0,19
23,65,11,1451.0,19
23,66,11,648.0,19
23,67,11,6.0,19
23,68,6,272.0,19
23,68,11,272.0,19
23,70,11,544.0,19
24,51,24,32.0,19
24,55,24,28.0,19
25,53,14,813.0,19
25,62,14,441.0,19
26,33,12,6.0,19
26,37,12,424.0,19
27,38,14,7288.0,19
27,45,14,1394.0,19
27,59,14,440.0,19
27,64,14,4356.0,19
27,70,14,272.0,19
29,66,12,1296.0,19
30,66,24,198.0,19
33,26,13,4.0,19
33,33,13,4.0,19
33,40,13,8.0,19
33,64,13,8.0,19
37,41,14,13548.0,19
37,51,20,200.0,19
37,54,20,262.0,19
37,66,14,648.0,19
37,68,14,34.0,19
37,68,16,120.0,19
37,69,16,24.0,19
38,57,20,280.0,19
38,65,20,460.0,19
38,74,20,272.0,19
40,30,12,2424.0,19
40,38,12,3676.0,19
40,65,12,2571.0,19
41,52,20,900.0,19
41,57,20,1080.0,19
41,59,20,40.0,19
41,62,20,2482.0,19
41,65,20,272.0,19
41,67,20,90.0,19
41,68,20,150.0,19
41,69,20,206.0,19
41,71,20,316.0,19
41,83,16,32.0,19
41,86,20,448.0,19
41,93,16,168.0,19
43,29,13,14.0,19
43,47,13,14.0,19
43,64,8,10.0,19
43,67,8,6.0,19
44,35,9,412.0,19
45,49,7,6120.0,19
45,50,23,192.0,19
45,51,23,64.0,19
45,58,7,180.0,19
45,59,7,440.0,19
45,59,23,80.0,19
45,62,7,441.0,19
45,62,23,324.0,19
45,65,7,1488.0,19
45,65,23,176.0,19
45,66,7,648.0,19
45,66,23,66.0,19
45,85,23,208.0,19
45,86,23,48.0,19
47,24,12,360.0,19
47,40,12,4.0,19
47,45,12,2788.0,19
47,58,12,360.0,19
47,64,12,5305.0,19
52,57,24,330.0,19
52,73,24,365.0,19
52,76,27,12.0,19
52,78,27,16.0,19
52,85,27,52.0,19
52,86,24,24.0,19
54,97,28,2.0,19
54,98,28,8.0,19
54,108,34,6.0,19
57,96,28,8.0,19
57,104,28,14.0,19
57,106,28,336.0,19
57,108,28,35.0,19
57,113,28,11.0,19
58,67,23,144.0,19
59,64,23,396.0,19
59,73,23,44.0,19
59,78,23,122.0,19
62,73,28,424.0,19
62,73,31,106.0,19
62,78,31,105.0,19
62,85,29,90.0,19
62,96,29,110.0,19
62,101,29,153.0,19
62,102,28,1.0,19
62,105,29,179.0,19
62,106,29,192.0,19
62,107,29,24.0,19
62,111,31,26.0,19
62,116,29,2.0,19
64,53,20,4.0,19
64,57,20,892.0,19
64,78,20,32.0,19
64,83,32,24.0,19
64,90,32,32.0,19
65,57,24,875.0,19
65,86,32,87.0,19
65,98,32,40.0,19
65,105,32,90.0,19
66,52,23,2232.0,19
66,73,23,8.0,19
66,78,27,16.0,19
66,86,23,336.0,19
66,101,27,12.0,19
66,117,27,14.0,19
68,57,18,173.0,19
68,73,18,702.0,19
69,74,29,25.0,19
69,78,29,59.0,19
69,85,29,24.0,19
69,117,29,12.0,19
70,57,18,157.0,19
70,68,22,110.0,19
71,73,31,14.0,19
71,73,34,25.0,19
73,103,37,15.0,19
73,103,42,36.0,19
73,104,37,12.0,19
73,113,42,10.0,19
73,114,42,6.0,19
73,116,42,12.0,19
74,74,31,25.0,19
74,74,34,68.0,19
74,81,34,17.0,19
74,92,34,27.0,19
74,96,34,25.0,19
74,102,34,22.0,19
74,103,34,37.0,19
74,104,34,5.0,19
74,108,34,4.0,19
75,100,41,20.0,19
75,112,41,6.0,19
78,96,43,16.0,19
78,106,39,4.0,19
78,110,38,20.0,19
78,116,43,8.0,19
78,117,30,10.0,19
85,75,27,216.0,19
85,78,27,8.0,19
85,85,27,90.0,19
85,86,27,60.0,19
85,95,38,20.0,19
85,101,38,12.0,19
85,105,38,20.0,19
85,106,38,2.0,19
85,112,38,18.0,19
85,116,30,10.0,19
85,116,38,14.0,19
85,117,38,18.0,19
86,110,41,26.0,19
91,98,25,40.0,19
92,82,34,2.0,19
92,111,33,68.0,19
93,75,25,22.0,19
96,103,43,18.0,19
98,101,44,8.0,19
98,110,44,7.0,19
98,112,44,6.0,19
99,95,44,17.0,19
101,101,40,43.0,19
105,110,40,25.0,19
105,113,40,24.0,19
105,117,40,1.0,19
106,96,42,20.0,19
106,106,42,20.0,19
106,113,42,8.0,19
111,100,42,20.0,19
111,118,42,28.0,19
111,118,43,6.0,19
115,95,42,40.0,19
115,101,42,28.0,19
115,110,42,14.0,19
115,117,42,36.0,19
